chromosome_name,start,end,length_0,length_1,jumps,gaps,genes,cpgisl_in,cpgisl_bor,repli_in,repli_bor,repli_bor_deriv,repli_deriv,recomb_in,recomb_bor,dnase_in,dnase_bor,DNA,LINE,LTR,SINE,Low_complexity,Retroposon,Satellite,Simple_repeat,rRNA,snRNA,scRNA,srpRNA,tRNA,RC,L1_s,L2_s,MIR_s,Alu_s,Satellite_s,component_size,intra_degree,iner_degree,self_loops,edges_double,edges_tandem,edges_ident_mean_0,edges_ident_mean_1,CG_frac_0,CG_frac_1,CG_frac_in_0,CG_frac_in_1
1.0,10001.0,10010001.0,7.0,29.0,51.0,9.0,40.0,44.0,2.0,1571.0,1580.0,24.0,205.0,41.0,41.0,1821.0,1390.0,2.0,8.0,3.0,22.0,0.0,1.0,0.0,5.0,0.0,0.0,0.0,0.0,0.0,0.0,8.0,0.0,0.0,22.0,0.0,16026.0,171.0,140.0,11.0,184.0,28.0,13.0,24.0,6.0,30.0,6.0,30.0
1.0,218946419.0,228946419.0,13.0,15.0,36.0,2.0,15.0,44.0,2.0,390.0,384.0,27.0,95.0,5.0,5.0,935.0,932.0,0.0,14.0,4.0,9.0,1.0,0.0,0.0,2.0,2.0,0.0,0.0,0.0,0.0,0.0,14.0,0.0,0.0,9.0,0.0,11992.0,113.0,30.0,2.0,96.0,10.0,17.0,11.0,13.0,15.0,13.0,15.0
1.0,165100005.0,175100005.0,14.0,6.0,24.0,0.0,15.0,1.0,0.0,368.0,370.0,10.0,40.0,22.0,22.0,528.0,962.0,2.0,12.0,3.0,0.0,0.0,0.0,0.0,2.0,0.0,0.0,0.0,0.0,0.0,0.0,12.0,0.0,0.0,0.0,0.0,69.0,12.0,24.0,0.0,0.0,2.0,12.0,8.0,16.0,4.0,14.0,6.0
1.0,125100001.0,135100001.0,0.0,4.0,9.0,4.0,0.0,2.0,1.0,80.0,84.0,0.0,12.0,4.0,4.0,124.0,156.0,0.0,0.0,0.0,0.0,0.0,0.0,0.0,1.0,0.0,0.0,0.0,0.0,0.0,0.0,0.0,0.0,0.0,0.0,0.0,5300.0,45.0,62.0,3.0,101.0,2.0,2.0,2.0,2.0,2.0,4.0,0.0
1.0,30010004.0,40010004.0,25.0,8.0,35.0,0.0,23.0,7.0,2.0,1154.0,1156.0,18.0,73.0,26.0,26.0,1414.0,1463.0,0.0,7.0,2.0,9.0,0.0,0.0,0.0,2.0,0.0,0.0,0.0,0.0,0.0,0.0,2.0,4.0,8.0,1.0,0.0,172.0,13.0,39.0,0.0,0.0,9.0,16.0,17.0,11.0,22.0,8.0,25.0
1.0,81699996.0,91699996.0,7.0,14.0,27.0,0.0,11.0,2.0,2.0,182.0,184.0,6.0,62.0,6.0,6.0,528.0,677.0,2.0,7.0,4.0,4.0,1.0,0.0,0.0,1.0,0.0,0.0,0.0,0.0,0.0,0.0,6.0,0.0,1.0,3.0,0.0,6719.0,12.0,35.0,0.0,0.0,2.0,12.0,9.0,12.0,9.0,16.0,5.0
1.0,208946418.0,218946418.0,8.0,4.0,21.0,0.0,6.0,3.0,3.0,268.0,270.0,5.0,26.0,8.0,8.0,371.0,386.0,3.0,5.0,0.0,4.0,0.0,0.0,0.0,2.0,0.0,0.0,0.0,0.0,0.0,0.0,4.0,0.0,2.0,2.0,0.0,1367.0,6.0,27.0,0.0,1.0,2.0,5.0,7.0,7.0,5.0,4.0,8.0
1.0,60010007.0,70010007.0,9.0,3.0,15.0,0.0,10.0,0.0,0.0,95.0,98.0,8.0,32.0,8.0,8.0,531.0,576.0,1.0,7.0,1.0,2.0,0.0,0.0,0.0,2.0,0.0,0.0,0.0,0.0,0.0,0.0,4.0,3.0,0.0,2.0,0.0,1371.0,11.0,8.0,0.0,0.0,2.0,4.0,8.0,9.0,3.0,8.0,4.0
1.0,155100004.0,165100004.0,27.0,14.0,47.0,0.0,29.0,5.0,0.0,2038.0,2043.0,34.0,85.0,22.0,22.0,1405.0,1911.0,1.0,18.0,4.0,21.0,3.0,1.0,0.0,6.0,0.0,0.0,0.0,0.0,0.0,0.0,16.0,2.0,1.0,20.0,0.0,1611.0,19.0,84.0,0.0,0.0,20.0,23.0,18.0,19.0,22.0,13.0,28.0
1.0,20010003.0,30010003.0,26.0,16.0,54.0,1.0,26.0,10.0,4.0,2235.0,2244.0,29.0,115.0,21.0,21.0,1846.0,1773.0,2.0,11.0,5.0,25.0,1.0,0.0,0.0,6.0,0.0,2.0,0.0,0.0,0.0,0.0,5.0,5.0,5.0,20.0,0.0,4178.0,72.0,39.0,1.0,53.0,7.0,17.0,25.0,19.0,23.0,11.0,31.0
1.0,238946421.0,248946421.0,16.0,18.0,46.0,1.0,28.0,3.0,5.0,256.0,258.0,19.0,88.0,69.0,69.0,825.0,1075.0,1.0,35.0,9.0,10.0,1.0,0.0,0.0,3.0,0.0,0.0,0.0,0.0,0.0,0.0,34.0,0.0,0.0,10.0,0.0,12005.0,77.0,78.0,0.0,37.0,18.0,16.0,18.0,20.0,14.0,23.0,11.0
1.0,111699999.0,121699999.0,14.0,14.0,38.0,0.0,32.0,26.0,0.0,307.0,321.0,12.0,125.0,19.0,19.0,888.0,994.0,2.0,17.0,2.0,6.0,2.0,2.0,3.0,2.0,0.0,0.0,0.0,0.0,0.0,0.0,16.0,1.0,1.0,5.0,0.0,9341.0,140.0,43.0,6.0,104.0,4.0,13.0,15.0,15.0,13.0,17.0,11.0
1.0,198946417.0,208946417.0,14.0,14.0,34.0,0.0,25.0,6.0,1.0,697.0,700.0,20.0,133.0,30.0,30.0,796.0,1017.0,2.0,14.0,0.0,12.0,0.0,0.0,0.0,4.0,0.0,0.0,0.0,0.0,0.0,0.0,12.0,2.0,3.0,9.0,0.0,5357.0,59.0,20.0,1.0,4.0,14.0,16.0,12.0,11.0,17.0,18.0,10.0
1.0,185100007.0,195100007.0,11.0,2.0,14.0,0.0,2.0,0.0,0.0,234.0,236.0,3.0,34.0,4.0,4.0,376.0,528.0,2.0,7.0,3.0,1.0,1.0,0.0,0.0,1.0,0.0,0.0,0.0,0.0,0.0,0.0,6.0,1.0,0.0,1.0,0.0,1432.0,22.0,16.0,0.0,0.0,0.0,7.0,6.0,9.0,4.0,10.0,3.0
1.0,71699995.0,81699995.0,16.0,3.0,26.0,0.0,12.0,1.0,0.0,147.0,146.0,6.0,47.0,3.0,3.0,616.0,760.0,2.0,8.0,4.0,3.0,1.0,0.0,0.0,4.0,0.0,0.0,0.0,0.0,0.0,0.0,7.0,1.0,1.0,2.0,0.0,1378.0,26.0,12.0,0.0,0.0,2.0,8.0,11.0,14.0,5.0,14.0,5.0
1.0,101699998.0,111699998.0,14.0,8.0,32.0,0.0,13.0,2.0,0.0,390.0,392.0,12.0,52.0,8.0,8.0,719.0,1054.0,0.0,7.0,2.0,7.0,0.0,0.0,0.0,5.0,0.0,0.0,0.0,0.0,0.0,0.0,7.0,0.0,0.0,7.0,0.0,148.0,18.0,49.0,4.0,20.0,14.0,5.0,17.0,16.0,6.0,17.0,5.0
1.0,145100003.0,155100003.0,17.0,26.0,80.0,0.0,69.0,108.0,6.0,1183.0,1276.0,33.0,364.0,18.0,18.0,1929.0,2373.0,1.0,18.0,5.0,18.0,2.0,0.0,2.0,3.0,0.0,2.0,0.0,0.0,0.0,0.0,15.0,3.0,4.0,14.0,2.0,24022.0,244.0,138.0,23.0,461.0,23.0,18.0,25.0,22.0,21.0,14.0,29.0
1.0,50010006.0,60010006.0,12.0,0.0,13.0,0.0,7.0,0.0,0.0,193.0,194.0,7.0,29.0,13.0,13.0,267.0,400.0,1.0,7.0,1.0,3.0,0.0,0.0,0.0,1.0,0.0,0.0,0.0,0.0,0.0,0.0,6.0,1.0,0.0,3.0,0.0,2684.0,47.0,24.0,0.0,0.0,0.0,7.0,5.0,9.0,3.0,5.0,7.0
1.0,188946416.0,198946416.0,13.0,7.0,24.0,0.0,11.0,1.0,1.0,216.0,222.0,2.0,55.0,2.0,2.0,562.0,747.0,3.0,13.0,4.0,1.0,0.0,0.0,0.0,1.0,0.0,0.0,0.0,0.0,0.0,0.0,12.0,1.0,0.0,1.0,0.0,2732.0,21.0,38.0,0.0,0.0,12.0,12.0,8.0,17.0,3.0,18.0,2.0
1.0,175100006.0,185100006.0,14.0,3.0,20.0,0.0,14.0,0.0,0.0,401.0,401.0,10.0,31.0,5.0,5.0,776.0,645.0,3.0,7.0,3.0,3.0,0.0,0.0,0.0,2.0,0.0,0.0,0.0,0.0,0.0,0.0,7.0,0.0,0.0,3.0,0.0,1403.0,18.0,37.0,0.0,0.0,4.0,11.0,6.0,10.0,7.0,8.0,9.0
1.0,61699994.0,71699994.0,11.0,3.0,17.0,0.0,12.0,0.0,0.0,118.0,121.0,9.0,37.0,9.0,9.0,557.0,614.0,3.0,7.0,2.0,3.0,0.0,0.0,0.0,1.0,0.0,0.0,0.0,0.0,0.0,0.0,4.0,3.0,0.0,3.0,0.0,1379.0,13.0,10.0,0.0,0.0,2.0,7.0,7.0,10.0,4.0,9.0,5.0
1.0,10010002.0,20010002.0,6.0,25.0,49.0,4.0,55.0,30.0,0.0,906.0,1029.0,19.0,384.0,35.0,35.0,1063.0,1522.0,1.0,11.0,5.0,19.0,1.0,0.0,0.0,4.0,0.0,0.0,0.0,0.0,0.0,0.0,11.0,0.0,3.0,16.0,0.0,12128.0,70.0,65.0,15.0,101.0,46.0,14.0,17.0,13.0,18.0,5.0,26.0
1.0,135100002.0,145100002.0,0.0,5.0,22.0,1.0,18.0,67.0,0.0,27.0,53.0,0.0,64.0,5.0,5.0,152.0,195.0,0.0,3.0,1.0,3.0,0.0,0.0,0.0,0.0,0.0,1.0,0.0,0.0,0.0,0.0,1.0,2.0,0.0,3.0,0.0,6625.0,248.0,103.0,514.0,587.0,3.0,2.0,3.0,3.0,2.0,2.0,3.0
1.0,228946420.0,238946420.0,11.0,4.0,18.0,0.0,7.0,0.0,0.0,263.0,263.0,2.0,35.0,12.0,12.0,453.0,409.0,1.0,5.0,5.0,1.0,0.0,0.0,0.0,1.0,0.0,0.0,0.0,0.0,0.0,0.0,5.0,0.0,0.0,1.0,0.0,1466.0,7.0,41.0,0.0,0.0,0.0,9.0,6.0,8.0,7.0,8.0,7.0
1.0,40010005.0,50010005.0,11.0,10.0,27.0,0.0,17.0,3.0,1.0,755.0,761.0,13.0,63.0,11.0,11.0,699.0,815.0,0.0,12.0,4.0,4.0,1.0,0.0,0.0,3.0,0.0,0.0,0.0,0.0,0.0,0.0,11.0,0.0,1.0,3.0,0.0,106.0,5.0,38.0,0.0,0.0,4.0,13.0,8.0,9.0,12.0,7.0,14.0
1.0,91699997.0,101699997.0,9.0,4.0,19.0,0.0,7.0,0.0,0.0,209.0,210.0,10.0,29.0,0.0,0.0,342.0,613.0,0.0,7.0,1.0,4.0,0.0,0.0,0.0,4.0,0.0,0.0,0.0,0.0,0.0,0.0,7.0,0.0,0.0,4.0,0.0,75.0,5.0,35.0,0.0,0.0,2.0,6.0,7.0,11.0,2.0,9.0,4.0
2.0,10001.0,10010001.0,16.0,5.0,27.0,0.0,11.0,1.0,1.0,174.0,179.0,11.0,43.0,43.0,43.0,500.0,800.0,1.0,8.0,1.0,2.0,0.0,0.0,0.0,1.0,0.0,0.0,0.0,0.0,0.0,0.0,7.0,1.0,0.0,2.0,0.0,5358.0,39.0,10.0,0.0,1.0,8.0,10.0,11.0,8.0,13.0,10.0,11.0
2.0,71799998.0,81799998.0,8.0,10.0,22.0,0.0,15.0,2.0,1.0,459.0,458.0,12.0,48.0,14.0,14.0,719.0,534.0,0.0,13.0,0.0,7.0,0.0,0.0,0.0,3.0,0.0,0.0,0.0,0.0,0.0,0.0,13.0,0.0,0.0,7.0,0.0,122.0,28.0,4.0,2.0,1.0,8.0,6.0,12.0,10.0,8.0,8.0,10.0
2.0,212183526.0,222183526.0,7.0,1.0,10.0,0.0,3.0,0.0,0.0,85.0,85.0,3.0,23.0,9.0,9.0,298.0,131.0,0.0,6.0,2.0,2.0,0.0,0.0,0.0,3.0,0.0,0.0,0.0,0.0,0.0,0.0,5.0,0.0,0.0,2.0,0.0,55.0,32.0,0.0,0.0,0.0,2.0,6.0,2.0,6.0,2.0,3.0,5.0
2.0,172183522.0,182183522.0,14.0,5.0,22.0,0.0,8.0,2.0,0.0,374.0,375.0,15.0,40.0,11.0,11.0,402.0,722.0,2.0,7.0,1.0,3.0,0.0,0.0,0.0,1.0,0.0,0.0,0.0,0.0,0.0,0.0,7.0,0.0,0.0,2.0,0.0,1404.0,54.0,6.0,0.0,0.0,4.0,10.0,9.0,16.0,3.0,13.0,6.0
2.0,202183525.0,212183525.0,17.0,4.0,25.0,0.0,12.0,2.0,2.0,438.0,438.0,8.0,50.0,7.0,7.0,492.0,820.0,1.0,4.0,4.0,7.0,0.0,0.0,0.0,3.0,0.0,0.0,0.0,0.0,0.0,0.0,2.0,2.0,1.0,6.0,0.0,1446.0,69.0,15.0,0.0,0.0,0.0,11.0,10.0,12.0,9.0,10.0,11.0
2.0,146000006.0,156000006.0,6.0,7.0,15.0,0.0,9.0,0.0,1.0,122.0,123.0,4.0,25.0,3.0,3.0,316.0,507.0,1.0,6.0,2.0,3.0,0.0,0.0,1.0,0.0,0.0,0.0,0.0,0.0,0.0,0.0,6.0,0.0,0.0,3.0,0.0,86.0,17.0,2.0,1.0,3.0,4.0,4.0,9.0,7.0,6.0,12.0,1.0
2.0,61799997.0,71799997.0,14.0,9.0,27.0,0.0,16.0,1.0,1.0,957.0,956.0,17.0,50.0,19.0,19.0,834.0,1122.0,2.0,5.0,8.0,5.0,0.0,0.0,2.0,2.0,0.0,0.0,0.0,0.0,0.0,0.0,4.0,1.0,2.0,3.0,2.0,8131.0,93.0,50.0,1.0,24.0,4.0,15.0,8.0,14.0,9.0,13.0,10.0
2.0,106000002.0,116000002.0,12.0,31.0,75.0,0.0,46.0,28.0,1.0,601.0,615.0,23.0,236.0,23.0,23.0,1183.0,1807.0,2.0,19.0,10.0,22.0,1.0,0.0,0.0,5.0,0.0,0.0,0.0,0.0,0.0,0.0,18.0,1.0,1.0,21.0,0.0,37220.0,184.0,118.0,1.0,22.0,12.0,7.0,36.0,20.0,23.0,20.0,23.0
2.0,30010004.0,40010004.0,8.0,6.0,23.0,0.0,13.0,0.0,0.0,355.0,355.0,9.0,27.0,13.0,13.0,474.0,752.0,0.0,2.0,5.0,6.0,0.0,0.0,0.0,1.0,0.0,0.0,0.0,0.0,0.0,0.0,1.0,1.0,0.0,6.0,0.0,4012.0,40.0,8.0,0.0,0.0,0.0,10.0,4.0,9.0,5.0,8.0,6.0
2.0,232183528.0,242183528.0,18.0,19.0,44.0,1.0,55.0,13.0,7.0,905.0,910.0,22.0,104.0,50.0,50.0,950.0,1237.0,2.0,4.0,4.0,3.0,0.0,0.0,1.0,4.0,0.0,0.0,0.0,0.0,0.0,0.0,2.0,2.0,1.0,2.0,1.0,2770.0,79.0,13.0,0.0,25.0,34.0,17.0,20.0,7.0,30.0,7.0,30.0
2.0,20010003.0,30010003.0,5.0,1.0,11.0,0.0,6.0,0.0,0.0,286.0,286.0,4.0,11.0,0.0,0.0,63.0,178.0,0.0,0.0,0.0,2.0,0.0,0.0,0.0,1.0,0.0,0.0,0.0,0.0,0.0,0.0,0.0,0.0,0.0,2.0,0.0,1396.0,43.0,4.0,0.0,8.0,0.0,4.0,2.0,4.0,2.0,3.0,3.0
2.0,166000008.0,176000008.0,16.0,2.0,22.0,0.0,9.0,1.0,0.0,328.0,326.0,12.0,35.0,14.0,14.0,264.0,534.0,1.0,8.0,2.0,2.0,0.0,0.0,0.0,1.0,0.0,0.0,0.0,0.0,0.0,0.0,8.0,0.0,0.0,1.0,0.0,1397.0,64.0,6.0,0.0,0.0,2.0,7.0,11.0,15.0,3.0,15.0,3.0
2.0,192183524.0,202183524.0,11.0,4.0,25.0,0.0,8.0,1.0,1.0,349.0,350.0,7.0,35.0,4.0,4.0,746.0,656.0,0.0,8.0,3.0,4.0,0.0,0.0,0.0,5.0,0.0,0.0,0.0,0.0,0.0,0.0,7.0,1.0,2.0,2.0,0.0,5355.0,80.0,22.0,0.0,0.0,0.0,9.0,6.0,11.0,4.0,10.0,5.0
2.0,136000005.0,146000005.0,11.0,3.0,15.0,0.0,5.0,1.0,0.0,123.0,127.0,7.0,30.0,3.0,3.0,352.0,448.0,1.0,6.0,2.0,3.0,0.0,0.0,0.0,1.0,0.0,0.0,0.0,0.0,0.0,0.0,6.0,0.0,2.0,1.0,0.0,2690.0,18.0,5.0,0.0,0.0,4.0,11.0,3.0,13.0,1.0,13.0,1.0
2.0,51799996.0,61799996.0,8.0,1.0,10.0,0.0,6.0,0.0,0.0,206.0,207.0,7.0,23.0,0.0,0.0,316.0,412.0,1.0,3.0,3.0,5.0,0.0,0.0,0.0,2.0,0.0,1.0,0.0,0.0,0.0,0.0,3.0,0.0,0.0,5.0,0.0,1360.0,12.0,1.0,0.0,0.0,2.0,4.0,5.0,5.0,4.0,7.0,2.0
2.0,96000001.0,106000001.0,6.0,13.0,26.0,2.0,12.0,6.0,1.0,424.0,413.0,6.0,143.0,1.0,1.0,438.0,561.0,0.0,16.0,5.0,6.0,0.0,0.0,0.0,1.0,0.0,0.0,0.0,0.0,0.0,0.0,15.0,1.0,0.0,6.0,0.0,12003.0,84.0,24.0,1.0,19.0,11.0,5.0,14.0,11.0,8.0,13.0,6.0
2.0,126000004.0,136000004.0,12.0,15.0,49.0,0.0,48.0,50.0,0.0,399.0,393.0,14.0,188.0,16.0,16.0,870.0,1305.0,0.0,16.0,5.0,15.0,0.0,1.0,1.0,3.0,0.0,0.0,0.0,0.0,0.0,0.0,14.0,2.0,1.0,14.0,0.0,14624.0,129.0,147.0,9.0,306.0,14.0,9.0,18.0,9.0,18.0,8.0,19.0
2.0,222183527.0,232183527.0,14.0,2.0,18.0,0.0,8.0,1.0,1.0,417.0,415.0,16.0,34.0,19.0,19.0,344.0,493.0,2.0,4.0,5.0,3.0,0.0,0.0,0.0,5.0,0.0,0.0,0.0,0.0,0.0,0.0,4.0,0.0,1.0,2.0,0.0,69.0,22.0,11.0,0.0,0.0,4.0,10.0,6.0,10.0,6.0,10.0,6.0
2.0,156000007.0,166000007.0,11.0,5.0,19.0,0.0,9.0,0.0,0.0,339.0,342.0,14.0,34.0,0.0,0.0,445.0,448.0,2.0,6.0,0.0,6.0,0.0,0.0,3.0,1.0,0.0,0.0,0.0,0.0,0.0,0.0,6.0,0.0,2.0,4.0,3.0,5328.0,61.0,0.0,0.0,17.0,0.0,5.0,11.0,13.0,3.0,11.0,5.0
2.0,10010002.0,20010002.0,5.0,3.0,16.0,0.0,4.0,0.0,0.0,113.0,114.0,2.0,21.0,12.0,12.0,222.0,358.0,2.0,4.0,3.0,1.0,0.0,0.0,0.0,1.0,0.0,0.0,0.0,0.0,0.0,0.0,3.0,1.0,0.0,1.0,0.0,4012.0,13.0,17.0,0.0,0.0,0.0,2.0,6.0,6.0,2.0,5.0,3.0
2.0,182183523.0,192183523.0,9.0,3.0,26.0,0.0,0.0,1.0,1.0,72.0,73.0,6.0,22.0,2.0,2.0,312.0,416.0,1.0,6.0,0.0,4.0,0.0,0.0,0.0,5.0,0.0,0.0,0.0,0.0,0.0,0.0,6.0,0.0,0.0,4.0,0.0,118.0,36.0,16.0,0.0,1.0,0.0,8.0,4.0,7.0,5.0,5.0,7.0
2.0,81799999.0,91799999.0,6.0,26.0,59.0,5.0,22.0,24.0,3.0,496.0,539.0,14.0,192.0,19.0,19.0,1039.0,1084.0,5.0,13.0,8.0,3.0,0.0,1.0,0.0,5.0,0.0,0.0,0.0,0.0,0.0,0.0,12.0,1.0,0.0,3.0,0.0,29179.0,279.0,63.0,33.0,311.0,19.0,13.0,20.0,10.0,22.0,19.0,13.0
2.0,41799995.0,51799995.0,6.0,2.0,12.0,0.0,6.0,1.0,1.0,195.0,196.0,4.0,18.0,5.0,5.0,183.0,244.0,1.0,1.0,2.0,1.0,0.0,0.0,0.0,0.0,0.0,0.0,0.0,0.0,0.0,0.0,1.0,0.0,0.0,1.0,0.0,2671.0,11.0,3.0,0.0,0.0,0.0,5.0,3.0,4.0,4.0,6.0,2.0
2.0,116000003.0,126000003.0,2.0,0.0,2.0,0.0,1.0,0.0,0.0,10.0,10.0,2.0,4.0,1.0,1.0,62.0,78.0,0.0,1.0,0.0,1.0,0.0,0.0,0.0,2.0,0.0,0.0,0.0,0.0,0.0,0.0,1.0,0.0,0.0,1.0,0.0,12.0,1.0,1.0,0.0,0.0,0.0,2.0,0.0,2.0,0.0,1.0,1.0
2.0,40010005.0,50010005.0,7.0,2.0,15.0,0.0,6.0,1.0,1.0,198.0,199.0,4.0,21.0,5.0,5.0,214.0,283.0,1.0,1.0,2.0,1.0,0.0,0.0,0.0,0.0,0.0,0.0,0.0,0.0,0.0,0.0,1.0,0.0,0.0,1.0,0.0,3996.0,22.0,12.0,0.0,0.0,0.0,6.0,3.0,5.0,4.0,6.0,3.0
3.0,10001.0,10010001.0,11.0,11.0,25.0,0.0,17.0,2.0,0.0,510.0,508.0,9.0,70.0,41.0,41.0,574.0,708.0,1.0,5.0,2.0,11.0,1.0,0.0,3.0,3.0,0.0,0.0,0.0,0.0,0.0,0.0,4.0,1.0,5.0,6.0,2.0,2817.0,60.0,2.0,0.0,9.0,8.0,16.0,6.0,12.0,10.0,13.0,9.0
3.0,67799998.0,77799998.0,9.0,13.0,37.0,0.0,14.0,10.0,0.0,101.0,107.0,5.0,66.0,14.0,14.0,525.0,750.0,0.0,8.0,9.0,3.0,0.0,0.0,0.0,2.0,0.0,0.0,0.0,0.0,0.0,0.0,8.0,0.0,2.0,1.0,0.0,11992.0,155.0,16.0,0.0,62.0,0.0,11.0,11.0,12.0,10.0,15.0,7.0
3.0,124000004.0,134000004.0,13.0,23.0,48.0,0.0,37.0,10.0,0.0,790.0,798.0,27.0,110.0,20.0,20.0,828.0,1444.0,0.0,16.0,3.0,14.0,1.0,2.0,2.0,3.0,0.0,0.0,0.0,0.0,0.0,0.0,13.0,3.0,9.0,5.0,2.0,2733.0,113.0,7.0,1.0,69.0,6.0,15.0,21.0,17.0,19.0,13.0,23.0
3.0,168285556.0,178285556.0,6.0,6.0,12.0,0.0,7.0,0.0,0.0,124.0,125.0,3.0,29.0,14.0,14.0,415.0,512.0,3.0,7.0,1.0,2.0,0.0,0.0,0.0,3.0,0.0,0.0,0.0,0.0,0.0,0.0,4.0,1.0,1.0,1.0,0.0,49.0,19.0,1.0,0.0,0.0,0.0,2.0,10.0,10.0,2.0,9.0,3.0
3.0,30010004.0,40010004.0,12.0,4.0,19.0,0.0,5.0,0.0,0.0,210.0,211.0,12.0,35.0,8.0,8.0,316.0,631.0,1.0,8.0,2.0,8.0,1.0,0.0,0.0,2.0,0.0,0.0,0.0,0.0,0.0,0.0,7.0,1.0,1.0,7.0,0.0,4115.0,90.0,1.0,0.0,0.0,0.0,10.0,6.0,7.0,9.0,9.0,7.0
3.0,57799997.0,67799997.0,3.0,0.0,4.0,0.0,2.0,0.0,0.0,6.0,6.0,0.0,9.0,2.0,2.0,48.0,214.0,0.0,1.0,2.0,2.0,0.0,0.0,0.0,0.0,0.0,0.0,0.0,0.0,0.0,0.0,1.0,0.0,2.0,0.0,0.0,29.0,6.0,0.0,0.0,0.0,0.0,2.0,1.0,2.0,1.0,1.0,2.0
3.0,158285555.0,168285555.0,10.0,2.0,15.0,0.0,9.0,0.0,0.0,62.0,64.0,5.0,28.0,0.0,0.0,320.0,623.0,0.0,3.0,2.0,3.0,0.0,0.0,0.0,4.0,0.0,0.0,0.0,0.0,0.0,0.0,3.0,0.0,1.0,2.0,0.0,1361.0,13.0,3.0,0.0,0.0,0.0,7.0,5.0,8.0,4.0,5.0,7.0
3.0,114000003.0,124000003.0,9.0,10.0,23.0,0.0,12.0,2.0,0.0,690.0,689.0,10.0,45.0,9.0,9.0,725.0,847.0,0.0,7.0,3.0,2.0,0.0,1.0,0.0,3.0,0.0,0.0,0.0,0.0,0.0,0.0,6.0,0.0,1.0,1.0,0.0,1401.0,41.0,0.0,0.0,0.0,0.0,6.0,13.0,11.0,8.0,11.0,8.0
3.0,20010003.0,30010003.0,5.0,1.0,10.0,0.0,2.0,1.0,1.0,101.0,100.0,4.0,14.0,5.0,5.0,82.0,234.0,0.0,1.0,2.0,0.0,0.0,0.0,0.0,0.0,0.0,0.0,0.0,0.0,0.0,0.0,1.0,0.0,0.0,0.0,0.0,32.0,22.0,0.0,0.0,0.0,0.0,2.0,4.0,2.0,4.0,4.0,2.0
3.0,47799996.0,57799996.0,6.0,4.0,12.0,0.0,8.0,3.0,0.0,486.0,511.0,8.0,89.0,3.0,3.0,344.0,453.0,0.0,1.0,3.0,3.0,0.0,0.0,0.0,3.0,0.0,0.0,0.0,0.0,0.0,0.0,1.0,0.0,0.0,3.0,0.0,1386.0,25.0,1.0,0.0,0.0,2.0,5.0,5.0,1.0,9.0,1.0,9.0
3.0,144000006.0,154000006.0,14.0,2.0,17.0,0.0,9.0,1.0,1.0,169.0,169.0,8.0,39.0,5.0,5.0,434.0,641.0,0.0,5.0,4.0,3.0,1.0,0.0,0.0,1.0,0.0,0.0,0.0,0.0,0.0,0.0,5.0,0.0,0.0,3.0,0.0,1425.0,74.0,0.0,0.0,0.0,2.0,6.0,10.0,12.0,4.0,11.0,5.0
3.0,188285558.0,198285558.0,12.0,18.0,45.0,1.0,20.0,15.0,3.0,724.0,760.0,12.0,113.0,31.0,31.0,979.0,1276.0,0.0,11.0,10.0,14.0,0.0,0.0,0.0,3.0,0.0,0.0,0.0,0.0,0.0,0.0,10.0,1.0,0.0,14.0,0.0,8152.0,121.0,25.0,0.0,34.0,14.0,19.0,11.0,15.0,15.0,13.0,17.0
3.0,148285554.0,158285554.0,20.0,3.0,26.0,0.0,14.0,1.0,1.0,224.0,225.0,10.0,50.0,3.0,3.0,811.0,819.0,0.0,6.0,4.0,5.0,1.0,0.0,0.0,2.0,0.0,0.0,0.0,0.0,0.0,0.0,6.0,0.0,0.0,5.0,0.0,160.0,59.0,12.0,0.0,0.0,2.0,13.0,10.0,15.0,8.0,15.0,8.0
3.0,77799999.0,87799999.0,7.0,5.0,12.0,0.0,3.0,1.0,0.0,43.0,44.0,3.0,32.0,4.0,4.0,277.0,422.0,0.0,7.0,2.0,1.0,0.0,0.0,0.0,1.0,0.0,0.0,0.0,0.0,0.0,0.0,4.0,3.0,0.0,1.0,0.0,2686.0,25.0,0.0,0.0,0.0,0.0,6.0,6.0,9.0,3.0,11.0,1.0
3.0,104000002.0,114000002.0,11.0,5.0,18.0,0.0,6.0,2.0,0.0,245.0,243.0,9.0,37.0,9.0,9.0,452.0,725.0,0.0,11.0,4.0,2.0,0.0,0.0,1.0,4.0,0.0,0.0,0.0,0.0,0.0,0.0,10.0,1.0,1.0,1.0,1.0,1443.0,56.0,2.0,0.0,4.0,0.0,7.0,9.0,9.0,7.0,10.0,6.0
3.0,178285557.0,188285557.0,21.0,9.0,34.0,0.0,19.0,3.0,3.0,275.0,278.0,11.0,69.0,38.0,38.0,810.0,967.0,2.0,13.0,3.0,13.0,2.0,0.0,0.0,9.0,0.0,0.0,0.0,0.0,0.0,0.0,10.0,1.0,3.0,10.0,0.0,1462.0,50.0,18.0,0.0,0.0,8.0,17.0,13.0,16.0,14.0,18.0,12.0
3.0,10010002.0,20010002.0,21.0,17.0,53.0,0.0,27.0,5.0,1.0,1092.0,1094.0,28.0,84.0,27.0,27.0,975.0,1272.0,4.0,17.0,1.0,16.0,0.0,0.0,0.0,7.0,0.0,0.0,0.0,0.0,0.0,0.0,14.0,3.0,5.0,11.0,0.0,2931.0,117.0,8.0,0.0,5.0,8.0,27.0,11.0,14.0,24.0,10.0,28.0
3.0,134000005.0,144000005.0,17.0,1.0,25.0,0.0,12.0,3.0,2.0,164.0,164.0,5.0,44.0,8.0,8.0,538.0,751.0,0.0,7.0,3.0,5.0,0.0,1.0,0.0,3.0,0.0,0.0,0.0,0.0,0.0,0.0,7.0,0.0,1.0,4.0,0.0,160.0,66.0,2.0,0.0,0.0,4.0,10.0,8.0,10.0,8.0,6.0,12.0
3.0,40010005.0,50010005.0,13.0,9.0,33.0,0.0,18.0,4.0,0.0,449.0,471.0,13.0,128.0,8.0,8.0,738.0,867.0,4.0,11.0,5.0,7.0,1.0,0.0,0.0,2.0,0.0,0.0,0.0,0.0,0.0,0.0,10.0,1.0,0.0,7.0,0.0,8082.0,129.0,6.0,0.0,4.0,0.0,14.0,8.0,14.0,8.0,14.0,8.0
3.0,94000001.0,104000001.0,16.0,7.0,28.0,0.0,11.0,2.0,2.0,215.0,218.0,6.0,56.0,5.0,5.0,638.0,798.0,2.0,14.0,3.0,4.0,0.0,0.0,0.0,5.0,0.0,0.0,0.0,0.0,0.0,0.0,11.0,2.0,2.0,2.0,0.0,1411.0,32.0,8.0,0.0,0.0,4.0,13.0,10.0,19.0,4.0,19.0,4.0
4.0,10001.0,10010001.0,18.0,13.0,43.0,3.0,44.0,21.0,6.0,517.0,509.0,11.0,149.0,42.0,42.0,1004.0,1488.0,1.0,7.0,5.0,11.0,0.0,0.0,1.0,1.0,0.0,0.0,0.0,0.0,0.0,0.0,7.0,0.0,2.0,9.0,1.0,8013.0,110.0,84.0,5.0,217.0,20.0,16.0,15.0,6.0,25.0,8.0,23.0
4.0,111800007.0,121800007.0,10.0,3.0,20.0,0.0,9.0,2.0,1.0,85.0,86.0,9.0,37.0,2.0,2.0,309.0,588.0,1.0,5.0,1.0,6.0,1.0,0.0,0.0,3.0,0.0,0.0,0.0,0.0,0.0,0.0,2.0,3.0,0.0,6.0,0.0,5355.0,100.0,1.0,0.0,67.0,0.0,6.0,7.0,7.0,6.0,7.0,6.0
4.0,150204551.0,160204551.0,9.0,4.0,25.0,0.0,3.0,0.0,0.0,126.0,126.0,3.0,31.0,9.0,9.0,363.0,465.0,0.0,9.0,0.0,0.0,0.0,0.0,0.0,0.0,0.0,0.0,0.0,0.0,0.0,0.0,8.0,1.0,0.0,0.0,0.0,1398.0,39.0,3.0,0.0,0.0,0.0,7.0,6.0,12.0,1.0,9.0,4.0
4.0,71800003.0,81800003.0,16.0,5.0,27.0,0.0,11.0,1.0,2.0,141.0,143.0,8.0,45.0,4.0,4.0,781.0,1097.0,3.0,12.0,3.0,5.0,0.0,0.0,0.0,0.0,0.0,0.0,0.0,0.0,0.0,0.0,9.0,3.0,1.0,4.0,0.0,4084.0,122.0,2.0,0.0,0.0,6.0,15.0,6.0,12.0,9.0,13.0,8.0
4.0,38199999.0,48199999.0,10.0,3.0,17.0,0.0,8.0,2.0,1.0,439.0,440.0,6.0,27.0,9.0,9.0,625.0,717.0,3.0,4.0,0.0,6.0,0.0,0.0,0.0,1.0,0.0,0.0,0.0,0.0,0.0,0.0,2.0,2.0,1.0,5.0,0.0,4026.0,25.0,0.0,0.0,0.0,2.0,8.0,5.0,11.0,2.0,7.0,6.0
4.0,101800006.0,111800006.0,18.0,7.0,33.0,0.0,13.0,1.0,0.0,218.0,218.0,13.0,59.0,10.0,10.0,753.0,900.0,0.0,12.0,6.0,8.0,0.0,0.0,0.0,6.0,0.0,0.0,0.0,0.0,0.0,0.0,12.0,0.0,2.0,6.0,0.0,2860.0,67.0,1.0,0.0,1.0,2.0,14.0,11.0,20.0,5.0,18.0,7.0
4.0,180204554.0,190204554.0,10.0,14.0,34.0,2.0,10.0,14.0,1.0,415.0,419.0,7.0,71.0,39.0,39.0,1056.0,1117.0,0.0,8.0,3.0,2.0,0.0,0.0,0.0,3.0,0.0,0.0,0.0,0.0,0.0,0.0,7.0,1.0,0.0,2.0,0.0,11964.0,114.0,16.0,5.0,43.0,10.0,10.0,15.0,6.0,18.0,8.0,16.0
4.0,61800002.0,71800002.0,13.0,24.0,49.0,0.0,17.0,0.0,0.0,161.0,164.0,12.0,93.0,17.0,17.0,1359.0,1500.0,2.0,28.0,20.0,5.0,3.0,0.0,0.0,5.0,0.0,0.0,0.0,0.0,0.0,0.0,25.0,3.0,0.0,5.0,0.0,1540.0,70.0,25.0,3.0,16.0,52.0,22.0,15.0,25.0,12.0,36.0,1.0
4.0,140204550.0,150204550.0,8.0,6.0,19.0,0.0,12.0,0.0,0.0,104.0,108.0,8.0,32.0,5.0,5.0,813.0,618.0,1.0,2.0,1.0,6.0,0.0,0.0,0.0,5.0,0.0,0.0,0.0,0.0,0.0,0.0,2.0,0.0,0.0,6.0,0.0,1404.0,28.0,0.0,1.0,4.0,6.0,6.0,8.0,11.0,3.0,12.0,2.0
4.0,20010003.0,30010003.0,5.0,5.0,13.0,0.0,4.0,0.0,0.0,55.0,55.0,7.0,20.0,9.0,9.0,271.0,360.0,0.0,1.0,2.0,7.0,0.0,0.0,1.0,2.0,0.0,0.0,0.0,0.0,0.0,0.0,1.0,0.0,2.0,5.0,1.0,2678.0,20.0,1.0,0.0,0.0,0.0,5.0,5.0,7.0,3.0,9.0,1.0
4.0,28199998.0,38199998.0,6.0,4.0,15.0,0.0,2.0,0.0,0.0,28.0,30.0,1.0,24.0,3.0,3.0,261.0,380.0,0.0,5.0,0.0,8.0,0.0,0.0,0.0,1.0,0.0,0.0,0.0,0.0,0.0,0.0,5.0,0.0,1.0,7.0,0.0,5315.0,21.0,2.0,0.0,1.0,2.0,5.0,5.0,7.0,3.0,10.0,0.0
4.0,91800005.0,101800005.0,7.0,1.0,12.0,0.0,7.0,0.0,0.0,26.0,26.0,2.0,24.0,4.0,4.0,231.0,318.0,0.0,7.0,0.0,0.0,1.0,0.0,0.0,0.0,0.0,0.0,0.0,0.0,0.0,0.0,5.0,2.0,0.0,0.0,0.0,48.0,28.0,0.0,0.0,0.0,0.0,3.0,5.0,8.0,0.0,5.0,3.0
4.0,51800001.0,61800001.0,4.0,5.0,10.0,0.0,7.0,0.0,0.0,28.0,29.0,3.0,15.0,7.0,7.0,163.0,227.0,0.0,2.0,4.0,2.0,0.0,0.0,0.0,1.0,0.0,0.0,0.0,0.0,0.0,0.0,2.0,0.0,0.0,2.0,0.0,1344.0,12.0,0.0,0.0,0.0,2.0,6.0,3.0,5.0,4.0,6.0,3.0
4.0,170204553.0,180204553.0,3.0,2.0,6.0,0.0,2.0,0.0,0.0,17.0,17.0,1.0,13.0,2.0,2.0,119.0,171.0,0.0,2.0,1.0,5.0,0.0,0.0,0.0,1.0,0.0,0.0,0.0,0.0,0.0,0.0,2.0,0.0,2.0,3.0,0.0,13.0,8.0,0.0,0.0,0.0,2.0,5.0,0.0,3.0,2.0,4.0,1.0
4.0,160204552.0,170204552.0,10.0,6.0,18.0,0.0,8.0,3.0,1.0,46.0,47.0,7.0,36.0,14.0,14.0,494.0,553.0,3.0,6.0,1.0,4.0,1.0,0.0,0.0,3.0,0.0,0.0,0.0,0.0,0.0,0.0,5.0,1.0,0.0,4.0,0.0,4008.0,36.0,2.0,0.0,1.0,2.0,6.0,10.0,14.0,2.0,13.0,3.0
4.0,130204549.0,140204549.0,4.0,4.0,12.0,0.0,4.0,21.0,1.0,43.0,44.0,5.0,20.0,4.0,4.0,252.0,299.0,2.0,3.0,2.0,0.0,0.0,0.0,0.0,2.0,0.0,0.0,0.0,0.0,0.0,0.0,3.0,0.0,0.0,0.0,0.0,4027.0,38.0,2.0,12.0,38.0,0.0,2.0,6.0,7.0,1.0,7.0,1.0
4.0,10010002.0,20010002.0,4.0,3.0,7.0,0.0,4.0,3.0,1.0,30.0,30.0,4.0,15.0,7.0,7.0,149.0,226.0,1.0,2.0,1.0,1.0,0.0,0.0,0.0,0.0,0.0,0.0,0.0,0.0,0.0,0.0,0.0,2.0,0.0,1.0,0.0,1337.0,4.0,4.0,0.0,0.0,0.0,2.0,5.0,3.0,4.0,4.0,3.0
4.0,120204548.0,130204548.0,7.0,2.0,10.0,0.0,5.0,0.0,0.0,30.0,30.0,3.0,23.0,0.0,0.0,296.0,213.0,2.0,2.0,1.0,1.0,0.0,0.0,0.0,2.0,0.0,0.0,0.0,0.0,0.0,0.0,2.0,0.0,0.0,1.0,0.0,19.0,9.0,1.0,0.0,0.0,0.0,5.0,4.0,7.0,2.0,4.0,5.0
4.0,81800004.0,91800004.0,12.0,7.0,22.0,0.0,9.0,1.0,1.0,166.0,167.0,3.0,47.0,5.0,5.0,383.0,585.0,1.0,9.0,5.0,2.0,0.0,0.0,0.0,1.0,0.0,0.0,0.0,0.0,0.0,0.0,7.0,1.0,0.0,2.0,0.0,71.0,28.0,1.0,0.0,0.0,0.0,10.0,9.0,11.0,8.0,10.0,9.0
5.0,10001.0,10010001.0,17.0,13.0,38.0,0.0,30.0,23.0,8.0,353.0,355.0,12.0,90.0,56.0,56.0,829.0,972.0,1.0,3.0,8.0,2.0,0.0,0.0,0.0,2.0,0.0,0.0,0.0,0.0,0.0,0.0,2.0,1.0,0.0,2.0,0.0,4098.0,78.0,6.0,1.0,17.0,24.0,14.0,16.0,2.0,28.0,2.0,28.0
5.0,111528252.0,121528252.0,16.0,2.0,21.0,0.0,12.0,0.0,0.0,297.0,301.0,11.0,44.0,9.0,9.0,938.0,1223.0,3.0,11.0,1.0,1.0,2.0,2.0,0.0,4.0,0.0,0.0,0.0,0.0,0.0,0.0,10.0,1.0,0.0,1.0,0.0,1430.0,38.0,12.0,0.0,0.0,2.0,10.0,8.0,13.0,5.0,12.0,6.0
5.0,26099998.0,36099998.0,5.0,7.0,15.0,0.0,8.0,2.0,1.0,205.0,212.0,6.0,39.0,9.0,9.0,401.0,378.0,1.0,5.0,2.0,3.0,0.0,0.0,0.0,2.0,0.0,0.0,0.0,0.0,0.0,0.0,4.0,1.0,0.0,3.0,0.0,5336.0,32.0,11.0,1.0,28.0,0.0,7.0,5.0,8.0,4.0,8.0,4.0
5.0,51400001.0,61400001.0,15.0,5.0,26.0,0.0,9.0,1.0,0.0,369.0,367.0,11.0,54.0,9.0,9.0,438.0,602.0,3.0,9.0,3.0,3.0,0.0,0.0,0.0,7.0,0.0,0.0,0.0,0.0,0.0,0.0,9.0,0.0,1.0,2.0,0.0,2743.0,42.0,2.0,0.0,0.0,0.0,13.0,7.0,15.0,5.0,16.0,4.0
5.0,141528255.0,151528255.0,11.0,1.0,16.0,0.0,8.0,0.0,0.0,246.0,246.0,6.0,23.0,17.0,17.0,584.0,655.0,2.0,2.0,4.0,3.0,1.0,0.0,0.0,1.0,0.0,0.0,0.0,0.0,0.0,0.0,2.0,0.0,2.0,1.0,0.0,71.0,34.0,1.0,0.0,0.0,4.0,9.0,3.0,7.0,5.0,6.0,6.0
5.0,81400004.0,91400004.0,12.0,5.0,18.0,0.0,7.0,0.0,0.0,146.0,148.0,6.0,43.0,4.0,4.0,486.0,753.0,0.0,11.0,2.0,0.0,2.0,0.0,0.0,2.0,0.0,0.0,0.0,0.0,0.0,0.0,10.0,1.0,0.0,0.0,0.0,1379.0,21.0,2.0,0.0,0.0,0.0,9.0,8.0,16.0,1.0,15.0,2.0
5.0,20010003.0,30010003.0,6.0,13.0,32.0,0.0,13.0,4.0,1.0,60.0,82.0,5.0,56.0,7.0,7.0,420.0,653.0,2.0,7.0,5.0,3.0,0.0,0.0,0.0,2.0,0.0,0.0,0.0,0.0,0.0,0.0,5.0,1.0,0.0,3.0,0.0,10669.0,76.0,6.0,0.0,33.0,0.0,9.0,10.0,14.0,5.0,12.0,7.0
5.0,171528258.0,181528258.0,32.0,23.0,73.0,1.0,41.0,22.0,1.0,899.0,923.0,40.0,245.0,90.0,90.0,1471.0,1995.0,3.0,12.0,12.0,27.0,0.0,1.0,0.0,7.0,0.0,0.0,0.0,0.0,0.0,0.0,11.0,1.0,1.0,26.0,0.0,18700.0,161.0,8.0,7.0,65.0,22.0,19.0,36.0,18.0,37.0,17.0,38.0
5.0,111400007.0,121400007.0,15.0,2.0,20.0,0.0,12.0,0.0,0.0,296.0,300.0,11.0,41.0,9.0,9.0,838.0,1184.0,3.0,9.0,1.0,1.0,2.0,2.0,0.0,4.0,0.0,0.0,0.0,0.0,0.0,0.0,8.0,1.0,0.0,1.0,0.0,1428.0,37.0,12.0,0.0,0.0,2.0,10.0,7.0,12.0,5.0,11.0,6.0
5.0,71400003.0,81400003.0,22.0,5.0,45.0,0.0,20.0,4.0,1.0,260.0,278.0,19.0,129.0,28.0,28.0,823.0,1034.0,4.0,10.0,3.0,9.0,0.0,0.0,0.0,8.0,0.0,0.0,0.0,0.0,0.0,0.0,9.0,1.0,0.0,9.0,0.0,6820.0,179.0,25.0,1.0,53.0,1.0,14.0,13.0,19.0,8.0,13.0,14.0
5.0,131528254.0,141528254.0,32.0,8.0,58.0,0.0,64.0,28.0,4.0,728.0,731.0,16.0,95.0,5.0,5.0,890.0,1291.0,2.0,5.0,4.0,8.0,0.0,0.0,0.0,0.0,0.0,0.0,0.0,0.0,0.0,0.0,5.0,0.0,0.0,8.0,0.0,3018.0,148.0,26.0,1.0,16.0,140.0,14.0,26.0,12.0,28.0,10.0,30.0
5.0,36099999.0,46099999.0,13.0,5.0,25.0,0.0,15.0,1.0,0.0,445.0,445.0,16.0,42.0,8.0,8.0,348.0,613.0,2.0,5.0,3.0,5.0,0.0,1.0,0.0,1.0,0.0,0.0,0.0,0.0,0.0,0.0,5.0,0.0,1.0,4.0,0.0,5401.0,40.0,19.0,0.0,16.0,0.0,7.0,11.0,13.0,5.0,10.0,8.0
5.0,10010002.0,20010002.0,6.0,10.0,25.0,1.0,1.0,0.0,0.0,68.0,89.0,3.0,38.0,5.0,5.0,352.0,569.0,4.0,9.0,2.0,6.0,1.0,0.0,0.0,1.0,0.0,0.0,0.0,0.0,0.0,0.0,9.0,0.0,0.0,6.0,0.0,4061.0,53.0,4.0,11.0,40.0,18.0,13.0,3.0,9.0,7.0,11.0,5.0
5.0,161528257.0,171528257.0,8.0,3.0,15.0,0.0,10.0,1.0,1.0,99.0,101.0,3.0,21.0,17.0,17.0,300.0,458.0,1.0,2.0,0.0,7.0,0.0,0.0,0.0,0.0,0.0,0.0,0.0,0.0,0.0,0.0,1.0,1.0,1.0,6.0,0.0,2706.0,32.0,2.0,0.0,0.0,4.0,6.0,5.0,3.0,8.0,3.0,8.0
5.0,101400006.0,111400006.0,3.0,3.0,8.0,0.0,2.0,0.0,0.0,35.0,35.0,0.0,15.0,1.0,1.0,144.0,201.0,1.0,3.0,2.0,0.0,0.0,0.0,0.0,1.0,0.0,0.0,0.0,0.0,0.0,0.0,3.0,0.0,0.0,0.0,0.0,45.0,12.0,4.0,0.0,0.0,0.0,3.0,3.0,4.0,2.0,5.0,1.0
5.0,151528256.0,161528256.0,6.0,6.0,13.0,0.0,7.0,3.0,1.0,345.0,348.0,5.0,26.0,3.0,3.0,393.0,686.0,0.0,5.0,2.0,4.0,0.0,0.0,0.0,1.0,0.0,0.0,0.0,0.0,0.0,0.0,5.0,0.0,1.0,3.0,0.0,2687.0,31.0,0.0,0.0,0.0,2.0,9.0,3.0,7.0,5.0,7.0,5.0
5.0,91400005.0,101400005.0,9.0,9.0,34.0,0.0,9.0,1.0,1.0,316.0,320.0,8.0,45.0,0.0,0.0,491.0,594.0,2.0,7.0,1.0,2.0,0.0,0.0,0.0,3.0,0.0,0.0,0.0,0.0,0.0,0.0,6.0,1.0,0.0,2.0,0.0,9354.0,93.0,7.0,1.0,49.0,8.0,9.0,9.0,12.0,6.0,11.0,7.0
5.0,121528253.0,131528253.0,4.0,4.0,17.0,0.0,3.0,2.0,1.0,70.0,71.0,5.0,12.0,1.0,1.0,277.0,338.0,0.0,6.0,1.0,1.0,0.0,0.0,0.0,3.0,0.0,0.0,0.0,0.0,0.0,0.0,6.0,0.0,0.0,1.0,0.0,68.0,36.0,2.0,0.0,0.0,0.0,4.0,4.0,7.0,1.0,5.0,3.0
5.0,61400002.0,71400002.0,12.0,5.0,25.0,0.0,30.0,7.0,0.0,302.0,340.0,11.0,183.0,2.0,2.0,585.0,761.0,1.0,5.0,2.0,3.0,0.0,1.0,0.0,3.0,0.0,0.0,0.0,0.0,0.0,0.0,4.0,1.0,0.0,3.0,0.0,4036.0,45.0,27.0,53.0,278.0,4.0,3.0,14.0,13.0,4.0,12.0,5.0
6.0,10001.0,10010001.0,21.0,10.0,40.0,1.0,20.0,7.0,2.0,650.0,647.0,23.0,100.0,56.0,56.0,1053.0,1116.0,1.0,17.0,8.0,9.0,1.0,0.0,0.0,5.0,0.0,0.0,0.0,0.0,0.0,0.0,16.0,1.0,0.0,9.0,0.0,4107.0,130.0,13.0,0.0,11.0,12.0,12.0,19.0,19.0,12.0,10.0,21.0
6.0,92600004.0,102600004.0,8.0,0.0,8.0,0.0,5.0,0.0,0.0,51.0,52.0,3.0,20.0,0.0,0.0,131.0,260.0,0.0,2.0,1.0,1.0,0.0,0.0,0.0,0.0,0.0,0.0,0.0,0.0,0.0,0.0,2.0,0.0,1.0,0.0,0.0,47.0,12.0,1.0,0.0,0.0,0.0,4.0,4.0,7.0,1.0,6.0,2.0
6.0,140795976.0,150795976.0,8.0,13.0,26.0,0.0,12.0,10.0,8.0,153.0,156.0,8.0,48.0,18.0,18.0,585.0,771.0,2.0,11.0,2.0,5.0,0.0,0.0,0.0,3.0,0.0,0.0,0.0,0.0,0.0,0.0,10.0,1.0,2.0,3.0,0.0,70.0,30.0,2.0,0.0,0.0,26.0,17.0,4.0,7.0,14.0,9.0,12.0
6.0,10010002.0,20010002.0,8.0,2.0,13.0,0.0,3.0,0.0,0.0,135.0,137.0,8.0,21.0,8.0,8.0,268.0,426.0,1.0,2.0,4.0,4.0,0.0,1.0,0.0,1.0,0.0,0.0,0.0,0.0,0.0,0.0,1.0,1.0,2.0,2.0,0.0,61.0,18.0,0.0,0.0,0.0,0.0,7.0,3.0,6.0,4.0,6.0,4.0
6.0,150795977.0,160795977.0,7.0,14.0,25.0,0.0,15.0,0.0,0.0,218.0,223.0,9.0,45.0,18.0,18.0,602.0,919.0,3.0,7.0,10.0,0.0,0.0,0.0,0.0,0.0,0.0,0.0,0.0,0.0,0.0,0.0,6.0,1.0,0.0,0.0,0.0,4027.0,34.0,6.0,0.0,0.0,4.0,13.0,8.0,14.0,7.0,15.0,6.0
6.0,82600003.0,92600003.0,14.0,3.0,20.0,0.0,8.0,0.0,0.0,332.0,332.0,8.0,42.0,9.0,9.0,472.0,496.0,2.0,7.0,5.0,6.0,0.0,0.0,0.0,2.0,0.0,0.0,0.0,0.0,0.0,0.0,6.0,1.0,0.0,6.0,0.0,2730.0,30.0,1.0,0.0,0.0,0.0,13.0,4.0,11.0,6.0,8.0,9.0
6.0,130795975.0,140795975.0,14.0,4.0,19.0,0.0,13.0,1.0,1.0,340.0,340.0,10.0,43.0,19.0,19.0,696.0,811.0,0.0,10.0,2.0,4.0,1.0,0.0,0.0,3.0,0.0,0.0,0.0,0.0,0.0,0.0,9.0,1.0,1.0,3.0,0.0,131.0,41.0,6.0,0.0,2.0,0.0,10.0,8.0,12.0,6.0,11.0,7.0
6.0,48499999.0,58499999.0,10.0,11.0,33.0,0.0,12.0,5.0,2.0,299.0,286.0,10.0,96.0,6.0,6.0,448.0,755.0,4.0,7.0,6.0,2.0,0.0,0.0,0.0,3.0,0.0,0.0,0.0,0.0,0.0,0.0,7.0,0.0,0.0,2.0,0.0,2773.0,38.0,21.0,3.0,19.0,14.0,8.0,13.0,13.0,8.0,14.0,7.0
6.0,28499997.0,38499997.0,33.0,25.0,74.0,0.0,40.0,18.0,3.0,2585.0,2590.0,39.0,127.0,10.0,10.0,1914.0,1878.0,3.0,26.0,13.0,12.0,1.0,1.0,0.0,8.0,0.0,1.0,0.0,0.0,0.0,0.0,21.0,5.0,0.0,12.0,0.0,4240.0,131.0,12.0,0.0,0.0,44.0,38.0,20.0,24.0,34.0,24.0,34.0
6.0,112600006.0,122600006.0,13.0,4.0,19.0,0.0,8.0,0.0,0.0,170.0,171.0,11.0,43.0,2.0,2.0,337.0,666.0,1.0,1.0,3.0,1.0,2.0,0.0,0.0,5.0,0.0,0.0,0.0,0.0,0.0,0.0,1.0,0.0,1.0,0.0,0.0,163.0,45.0,1.0,0.0,0.0,0.0,10.0,7.0,14.0,3.0,11.0,6.0
6.0,20010003.0,30010003.0,22.0,15.0,57.0,0.0,16.0,12.0,0.0,364.0,370.0,21.0,107.0,11.0,11.0,1419.0,1709.0,3.0,14.0,14.0,7.0,2.0,1.0,0.0,6.0,0.0,1.0,0.0,0.0,0.0,0.0,12.0,2.0,1.0,6.0,0.0,6799.0,110.0,6.0,8.0,20.0,16.0,28.0,9.0,24.0,13.0,19.0,18.0
6.0,160795978.0,170795978.0,6.0,13.0,27.0,1.0,5.0,6.0,0.0,566.0,572.0,16.0,49.0,37.0,37.0,502.0,837.0,1.0,6.0,4.0,3.0,1.0,0.0,0.0,3.0,0.0,0.0,0.0,0.0,0.0,0.0,4.0,1.0,0.0,3.0,0.0,5383.0,63.0,6.0,0.0,34.0,8.0,12.0,7.0,3.0,16.0,7.0,12.0
6.0,72600002.0,82600002.0,13.0,0.0,18.0,0.0,8.0,0.0,0.0,186.0,185.0,6.0,25.0,1.0,1.0,317.0,475.0,1.0,6.0,0.0,2.0,0.0,0.0,0.0,1.0,0.0,0.0,0.0,0.0,0.0,0.0,4.0,2.0,0.0,2.0,0.0,144.0,68.0,1.0,0.0,0.0,2.0,9.0,4.0,8.0,5.0,7.0,6.0
6.0,38499998.0,48499998.0,9.0,5.0,16.0,0.0,10.0,0.0,0.0,407.0,407.0,8.0,27.0,15.0,15.0,512.0,622.0,1.0,5.0,4.0,3.0,0.0,0.0,0.0,1.0,0.0,0.0,0.0,0.0,0.0,0.0,3.0,2.0,0.0,3.0,0.0,1431.0,45.0,2.0,0.0,0.0,2.0,8.0,6.0,9.0,5.0,5.0,9.0
6.0,102600005.0,112600005.0,18.0,2.0,25.0,0.0,12.0,3.0,2.0,386.0,387.0,12.0,38.0,7.0,7.0,849.0,1260.0,0.0,7.0,3.0,6.0,0.0,0.0,0.0,5.0,0.0,0.0,0.0,0.0,0.0,0.0,6.0,0.0,0.0,6.0,0.0,4154.0,85.0,6.0,0.0,0.0,0.0,10.0,10.0,9.0,11.0,10.0,10.0
6.0,120795974.0,130795974.0,7.0,3.0,11.0,0.0,5.0,1.0,1.0,70.0,70.0,6.0,25.0,6.0,6.0,200.0,260.0,2.0,4.0,0.0,2.0,1.0,0.0,0.0,3.0,0.0,0.0,0.0,0.0,0.0,0.0,4.0,0.0,2.0,0.0,0.0,71.0,34.0,0.0,0.0,0.0,0.0,5.0,5.0,7.0,3.0,8.0,2.0
6.0,62600001.0,72600001.0,13.0,5.0,24.0,0.0,8.0,2.0,1.0,109.0,111.0,6.0,44.0,5.0,5.0,428.0,495.0,1.0,15.0,1.0,1.0,1.0,0.0,0.0,3.0,0.0,0.0,0.0,0.0,0.0,0.0,15.0,0.0,0.0,1.0,0.0,1461.0,53.0,1.0,0.0,1.0,0.0,7.0,11.0,16.0,2.0,13.0,5.0
7.0,10001.0,10010001.0,9.0,25.0,66.0,0.0,36.0,40.0,2.0,1123.0,1132.0,31.0,171.0,47.0,47.0,1196.0,1104.0,1.0,9.0,5.0,33.0,1.0,0.0,3.0,2.0,0.0,0.0,0.0,0.0,0.0,0.0,8.0,1.0,1.0,32.0,3.0,14792.0,80.0,93.0,3.0,115.0,4.0,12.0,22.0,14.0,20.0,5.0,29.0
7.0,38099998.0,48099998.0,14.0,11.0,35.0,0.0,17.0,8.0,0.0,543.0,546.0,17.0,74.0,17.0,17.0,651.0,1136.0,1.0,11.0,12.0,10.0,1.0,0.0,0.0,4.0,0.0,0.0,0.0,0.0,0.0,0.0,8.0,3.0,4.0,6.0,0.0,6786.0,105.0,27.0,2.0,73.0,4.0,16.0,9.0,14.0,11.0,15.0,10.0
7.0,92100004.0,102100004.0,11.0,23.0,44.0,0.0,34.0,8.0,1.0,1136.0,1144.0,25.0,101.0,9.0,9.0,1199.0,1623.0,3.0,12.0,1.0,23.0,0.0,0.0,1.0,1.0,0.0,0.0,0.0,0.0,0.0,0.0,10.0,2.0,0.0,23.0,1.0,4321.0,21.0,97.0,5.0,64.0,12.0,18.0,16.0,15.0,19.0,16.0,18.0
7.0,62100001.0,72100001.0,30.0,85.0,179.0,1.0,66.0,58.0,3.0,1580.0,1619.0,64.0,438.0,16.0,16.0,3314.0,4924.0,5.0,35.0,19.0,120.0,2.0,2.0,3.0,17.0,0.0,1.0,0.0,0.0,0.0,0.0,29.0,5.0,5.0,115.0,1.0,55991.0,262.0,349.0,7.0,424.0,71.0,89.0,26.0,41.0,74.0,53.0,62.0
7.0,10010002.0,20010002.0,10.0,0.0,12.0,0.0,6.0,0.0,0.0,28.0,28.0,3.0,24.0,10.0,10.0,264.0,375.0,1.0,4.0,1.0,1.0,0.0,0.0,0.0,2.0,0.0,0.0,0.0,0.0,0.0,0.0,4.0,0.0,1.0,0.0,0.0,28.0,8.0,5.0,0.0,0.0,0.0,5.0,5.0,9.0,1.0,8.0,2.0
7.0,48099999.0,58099999.0,16.0,51.0,115.0,0.0,26.0,31.0,2.0,455.0,460.0,17.0,169.0,18.0,18.0,1368.0,2091.0,1.0,28.0,10.0,52.0,1.0,1.0,4.0,8.0,0.0,0.0,0.0,0.0,0.0,0.0,25.0,1.0,1.0,51.0,1.0,35915.0,242.0,289.0,5.0,216.0,24.0,44.0,23.0,33.0,34.0,34.0,33.0
7.0,119335969.0,129335969.0,11.0,9.0,21.0,0.0,13.0,3.0,0.0,325.0,317.0,15.0,83.0,1.0,1.0,580.0,582.0,2.0,5.0,4.0,7.0,1.0,1.0,0.0,2.0,0.0,0.0,0.0,0.0,0.0,0.0,5.0,0.0,4.0,3.0,0.0,2786.0,48.0,22.0,0.0,24.0,6.0,7.0,13.0,11.0,9.0,11.0,9.0
7.0,28099997.0,38099997.0,6.0,25.0,46.0,0.0,22.0,8.0,1.0,398.0,397.0,24.0,142.0,32.0,32.0,993.0,888.0,2.0,18.0,10.0,13.0,0.0,0.0,0.0,2.0,0.0,0.0,0.0,0.0,0.0,0.0,15.0,3.0,3.0,10.0,0.0,9666.0,31.0,71.0,0.0,15.0,8.0,10.0,21.0,13.0,18.0,17.0,14.0
7.0,149335972.0,159335972.0,17.0,22.0,53.0,1.0,28.0,8.0,0.0,705.0,708.0,25.0,123.0,58.0,58.0,985.0,1260.0,3.0,20.0,14.0,16.0,0.0,2.0,0.0,5.0,0.0,0.0,0.0,0.0,0.0,0.0,18.0,1.0,1.0,15.0,0.0,8080.0,26.0,33.0,2.0,2.0,16.0,13.0,26.0,18.0,21.0,19.0,20.0
7.0,72100002.0,82100002.0,10.0,30.0,67.0,0.0,69.0,44.0,0.0,1681.0,1696.0,49.0,441.0,22.0,22.0,2388.0,1303.0,1.0,12.0,1.0,61.0,0.0,1.0,0.0,4.0,0.0,0.0,0.0,0.0,0.0,0.0,10.0,2.0,4.0,57.0,0.0,7418.0,68.0,104.0,9.0,149.0,26.0,18.0,22.0,10.0,30.0,8.0,32.0
7.0,129335970.0,139335970.0,12.0,5.0,27.0,0.0,11.0,0.0,0.0,169.0,169.0,13.0,33.0,16.0,16.0,867.0,557.0,2.0,6.0,3.0,6.0,0.0,0.0,0.0,8.0,0.0,0.0,0.0,0.0,0.0,0.0,6.0,0.0,0.0,6.0,0.0,83.0,32.0,16.0,0.0,0.0,2.0,11.0,6.0,11.0,6.0,9.0,8.0
7.0,20010003.0,30010003.0,20.0,8.0,46.0,0.0,18.0,6.0,2.0,645.0,643.0,21.0,69.0,17.0,17.0,794.0,858.0,2.0,4.0,2.0,8.0,0.0,0.0,0.0,4.0,0.0,0.0,0.0,0.0,0.0,0.0,4.0,0.0,0.0,8.0,0.0,1642.0,31.0,67.0,0.0,2.0,2.0,12.0,16.0,16.0,12.0,15.0,13.0
7.0,109335968.0,119335968.0,4.0,3.0,7.0,0.0,5.0,0.0,0.0,58.0,60.0,5.0,19.0,2.0,2.0,252.0,367.0,0.0,8.0,0.0,1.0,1.0,0.0,0.0,1.0,0.0,0.0,0.0,0.0,0.0,0.0,8.0,0.0,0.0,1.0,0.0,29.0,11.0,3.0,0.0,0.0,0.0,1.0,6.0,7.0,0.0,5.0,2.0
7.0,102100005.0,112100005.0,9.0,10.0,27.0,0.0,27.0,17.0,1.0,617.0,625.0,16.0,76.0,9.0,9.0,564.0,753.0,0.0,8.0,1.0,11.0,1.0,0.0,0.0,4.0,0.0,0.0,0.0,0.0,0.0,0.0,8.0,0.0,2.0,9.0,0.0,1564.0,40.0,27.0,4.0,42.0,4.0,3.0,16.0,9.0,10.0,11.0,8.0
7.0,82100003.0,92100003.0,12.0,4.0,22.0,0.0,11.0,2.0,0.0,110.0,110.0,3.0,42.0,4.0,4.0,424.0,638.0,1.0,7.0,2.0,3.0,0.0,0.0,0.0,2.0,0.0,0.0,0.0,0.0,0.0,0.0,7.0,0.0,0.0,3.0,0.0,2868.0,70.0,23.0,0.0,2.0,0.0,8.0,8.0,12.0,4.0,11.0,5.0
7.0,139335971.0,149335971.0,9.0,19.0,36.0,2.0,32.0,5.0,0.0,309.0,311.0,17.0,83.0,17.0,17.0,863.0,917.0,0.0,12.0,2.0,7.0,0.0,0.0,0.0,0.0,0.0,0.0,0.0,0.0,0.0,0.0,8.0,4.0,2.0,5.0,0.0,216.0,51.0,36.0,4.0,20.0,22.0,13.0,15.0,11.0,17.0,14.0,14.0
8.0,33199999.0,43199999.0,8.0,2.0,11.0,0.0,6.0,1.0,0.0,137.0,137.0,5.0,25.0,2.0,2.0,288.0,365.0,2.0,7.0,1.0,0.0,0.0,0.0,0.0,2.0,0.0,0.0,0.0,0.0,0.0,0.0,5.0,2.0,0.0,0.0,0.0,92.0,31.0,6.0,0.0,0.0,0.0,6.0,4.0,9.0,1.0,7.0,3.0
8.0,10001.0,10010001.0,11.0,10.0,30.0,3.0,46.0,35.0,10.0,111.0,116.0,2.0,204.0,31.0,31.0,420.0,534.0,1.0,8.0,5.0,3.0,0.0,1.0,0.0,2.0,0.0,0.0,0.0,0.0,0.0,0.0,8.0,0.0,0.0,3.0,0.0,9314.0,98.0,71.0,21.0,231.0,14.0,7.0,14.0,3.0,18.0,3.0,18.0
8.0,10010002.0,20010002.0,8.0,7.0,18.0,2.0,24.0,9.0,0.0,274.0,293.0,10.0,84.0,12.0,12.0,367.0,535.0,1.0,5.0,2.0,3.0,0.0,1.0,1.0,0.0,0.0,0.0,0.0,0.0,0.0,0.0,5.0,0.0,2.0,1.0,1.0,4005.0,55.0,41.0,7.0,104.0,2.0,8.0,7.0,11.0,4.0,8.0,7.0
8.0,23199998.0,33199998.0,9.0,7.0,20.0,0.0,7.0,0.0,0.0,164.0,166.0,9.0,34.0,13.0,13.0,372.0,498.0,0.0,4.0,1.0,10.0,0.0,0.0,0.0,3.0,0.0,0.0,0.0,0.0,0.0,0.0,4.0,0.0,1.0,9.0,0.0,1379.0,30.0,11.0,0.0,0.0,3.0,9.0,7.0,7.0,9.0,11.0,5.0
8.0,87200005.0,97200005.0,10.0,2.0,12.0,0.0,7.0,0.0,0.0,116.0,118.0,5.0,26.0,3.0,3.0,349.0,430.0,0.0,9.0,1.0,3.0,0.0,0.0,0.0,1.0,0.0,0.0,0.0,0.0,0.0,0.0,8.0,1.0,0.0,3.0,0.0,26.0,9.0,5.0,0.0,0.0,2.0,5.0,7.0,9.0,3.0,11.0,1.0
8.0,57200002.0,67200002.0,9.0,5.0,22.0,0.0,8.0,0.0,0.0,97.0,96.0,6.0,31.0,4.0,4.0,477.0,426.0,1.0,6.0,6.0,3.0,0.0,0.0,0.0,4.0,0.0,0.0,0.0,0.0,0.0,0.0,5.0,0.0,0.0,3.0,0.0,1420.0,55.0,20.0,0.0,0.0,0.0,9.0,5.0,11.0,3.0,11.0,3.0
8.0,105128632.0,115128632.0,8.0,0.0,9.0,0.0,5.0,1.0,1.0,27.0,27.0,3.0,18.0,0.0,0.0,635.0,535.0,0.0,3.0,2.0,1.0,0.0,0.0,0.0,2.0,1.0,0.0,0.0,0.0,0.0,0.0,3.0,0.0,0.0,1.0,0.0,50.0,12.0,5.0,0.0,0.0,0.0,3.0,5.0,3.0,5.0,4.0,4.0
8.0,95128631.0,105128631.0,7.0,2.0,11.0,0.0,7.0,0.0,0.0,177.0,178.0,5.0,22.0,7.0,7.0,250.0,422.0,0.0,2.0,2.0,0.0,0.0,0.0,0.0,0.0,0.0,0.0,0.0,0.0,0.0,0.0,2.0,0.0,0.0,0.0,0.0,1362.0,20.0,4.0,0.0,0.0,0.0,4.0,5.0,4.0,5.0,6.0,3.0
8.0,135128635.0,145128635.0,14.0,6.0,27.0,0.0,18.0,4.0,4.0,280.0,281.0,9.0,49.0,27.0,27.0,553.0,741.0,0.0,4.0,5.0,1.0,1.0,0.0,0.0,3.0,0.0,0.0,0.0,0.0,0.0,0.0,3.0,1.0,1.0,0.0,0.0,2695.0,15.0,47.0,2.0,0.0,12.0,12.0,8.0,4.0,16.0,6.0,14.0
8.0,67200003.0,77200003.0,9.0,3.0,15.0,0.0,5.0,0.0,0.0,105.0,105.0,3.0,32.0,7.0,7.0,263.0,361.0,0.0,2.0,3.0,3.0,0.0,1.0,1.0,7.0,0.0,0.0,0.0,0.0,0.0,0.0,1.0,1.0,1.0,2.0,1.0,1365.0,18.0,2.0,0.0,0.0,0.0,6.0,6.0,8.0,4.0,7.0,5.0
8.0,115128633.0,125128633.0,11.0,1.0,14.0,0.0,1.0,1.0,0.0,149.0,149.0,9.0,24.0,11.0,11.0,695.0,812.0,4.0,6.0,4.0,1.0,1.0,0.0,0.0,5.0,0.0,0.0,0.0,0.0,0.0,0.0,6.0,0.0,1.0,0.0,0.0,2676.0,11.0,8.0,0.0,0.0,2.0,7.0,5.0,8.0,4.0,10.0,2.0
8.0,47200001.0,57200001.0,13.0,1.0,21.0,0.0,6.0,0.0,0.0,194.0,195.0,10.0,33.0,7.0,7.0,502.0,705.0,0.0,10.0,1.0,3.0,1.0,0.0,0.0,3.0,0.0,0.0,0.0,0.0,0.0,0.0,10.0,0.0,0.0,3.0,0.0,1434.0,25.0,20.0,0.0,0.0,0.0,8.0,6.0,7.0,7.0,11.0,3.0
8.0,20010003.0,30010003.0,10.0,7.0,18.0,0.0,6.0,0.0,0.0,188.0,190.0,8.0,37.0,17.0,17.0,456.0,536.0,1.0,5.0,3.0,5.0,0.0,0.0,0.0,2.0,0.0,0.0,0.0,0.0,0.0,0.0,5.0,0.0,2.0,3.0,0.0,1378.0,27.0,10.0,0.0,0.0,4.0,14.0,3.0,8.0,9.0,8.0,9.0
8.0,77200004.0,87200004.0,15.0,5.0,26.0,2.0,8.0,12.0,0.0,126.0,130.0,8.0,52.0,11.0,11.0,643.0,729.0,3.0,9.0,0.0,4.0,0.0,0.0,0.0,3.0,0.0,0.0,0.0,0.0,0.0,0.0,9.0,0.0,0.0,4.0,0.0,2743.0,85.0,20.0,18.0,30.0,10.0,7.0,13.0,16.0,4.0,16.0,4.0
8.0,125128634.0,135128634.0,9.0,3.0,16.0,0.0,9.0,1.0,0.0,254.0,254.0,11.0,26.0,21.0,21.0,350.0,680.0,1.0,6.0,3.0,0.0,0.0,0.0,0.0,3.0,0.0,0.0,0.0,0.0,0.0,0.0,5.0,1.0,0.0,0.0,0.0,87.0,16.0,21.0,0.0,0.0,2.0,7.0,5.0,6.0,6.0,5.0,7.0
9.0,10001.0,10010001.0,12.0,7.0,23.0,0.0,17.0,8.0,1.0,758.0,773.0,16.0,83.0,28.0,28.0,484.0,633.0,2.0,9.0,0.0,8.0,0.0,0.0,0.0,5.0,0.0,0.0,0.0,0.0,0.0,0.0,9.0,0.0,4.0,4.0,0.0,4061.0,16.0,88.0,0.0,3.0,6.0,7.0,12.0,11.0,8.0,13.0,6.0
9.0,55500002.0,65500002.0,0.0,18.0,38.0,29.0,27.0,44.0,0.0,295.0,378.0,2.0,439.0,18.0,18.0,442.0,702.0,0.0,3.0,0.0,1.0,0.0,0.0,3.0,2.0,0.0,0.0,0.0,0.0,0.0,0.0,3.0,0.0,0.0,1.0,2.0,23850.0,143.0,403.0,10.0,343.0,21.0,10.0,17.0,5.0,13.0,15.0,3.0
9.0,22199998.0,32199998.0,7.0,2.0,11.0,0.0,4.0,0.0,0.0,35.0,34.0,6.0,20.0,5.0,5.0,325.0,316.0,0.0,3.0,0.0,1.0,0.0,0.0,0.0,1.0,0.0,0.0,0.0,0.0,0.0,0.0,3.0,0.0,1.0,0.0,0.0,1360.0,7.0,22.0,0.0,0.0,0.0,4.0,5.0,9.0,0.0,7.0,2.0
9.0,65500003.0,75500003.0,8.0,7.0,27.0,7.0,27.0,29.0,0.0,148.0,183.0,9.0,152.0,3.0,3.0,448.0,773.0,2.0,3.0,3.0,5.0,0.0,0.0,0.0,1.0,0.0,0.0,0.0,0.0,0.0,0.0,3.0,0.0,1.0,4.0,0.0,6693.0,57.0,168.0,4.0,143.0,1.0,8.0,9.0,9.0,6.0,12.0,3.0
9.0,118384715.0,128384715.0,6.0,4.0,10.0,0.0,8.0,2.0,1.0,389.0,390.0,5.0,18.0,10.0,10.0,303.0,424.0,1.0,3.0,3.0,10.0,0.0,0.0,0.0,1.0,0.0,0.0,0.0,0.0,0.0,0.0,3.0,0.0,1.0,9.0,0.0,2764.0,20.0,32.0,0.0,0.0,0.0,6.0,4.0,5.0,5.0,5.0,5.0
9.0,85500005.0,95500005.0,19.0,27.0,62.0,0.0,31.0,8.0,0.0,583.0,591.0,24.0,137.0,27.0,27.0,1520.0,1922.0,2.0,32.0,8.0,19.0,0.0,0.0,1.0,4.0,0.0,0.0,0.0,0.0,0.0,0.0,32.0,0.0,1.0,18.0,1.0,18722.0,164.0,69.0,2.0,71.0,12.0,26.0,20.0,26.0,20.0,18.0,28.0
9.0,98384713.0,108384713.0,11.0,8.0,23.0,0.0,11.0,1.0,1.0,180.0,183.0,7.0,43.0,6.0,6.0,545.0,742.0,1.0,6.0,2.0,5.0,0.0,0.0,0.0,8.0,0.0,0.0,0.0,0.0,0.0,0.0,4.0,2.0,1.0,4.0,0.0,4085.0,30.0,20.0,0.0,0.0,4.0,13.0,6.0,11.0,8.0,11.0,8.0
9.0,10010002.0,20010002.0,6.0,3.0,10.0,0.0,3.0,2.0,0.0,87.0,87.0,2.0,21.0,15.0,15.0,223.0,439.0,3.0,4.0,3.0,2.0,0.0,0.0,1.0,2.0,0.0,0.0,0.0,0.0,0.0,0.0,3.0,1.0,1.0,1.0,1.0,23.0,7.0,6.0,0.0,0.0,2.0,5.0,4.0,7.0,2.0,7.0,2.0
9.0,88384712.0,98384712.0,19.0,26.0,66.0,0.0,37.0,13.0,0.0,570.0,576.0,22.0,145.0,12.0,12.0,1341.0,1913.0,2.0,30.0,11.0,13.0,0.0,3.0,1.0,3.0,0.0,0.0,0.0,0.0,0.0,0.0,29.0,1.0,1.0,12.0,1.0,18706.0,135.0,79.0,0.0,66.0,10.0,23.0,22.0,28.0,17.0,19.0,26.0
9.0,45500001.0,55500001.0,0.0,0.0,0.0,0.0,0.0,0.0,0.0,0.0,0.0,0.0,0.0,0.0,0.0,0.0,0.0,0.0,0.0,0.0,0.0,0.0,0.0,0.0,0.0,0.0,0.0,0.0,0.0,0.0,0.0,0.0,0.0,0.0,0.0,0.0,0.0,0.0,0.0,0.0,0.0,0.0,0.0,0.0,0.0,0.0,0.0,0.0
9.0,108384714.0,118384714.0,8.0,5.0,13.0,0.0,8.0,4.0,0.0,304.0,305.0,5.0,28.0,19.0,19.0,270.0,425.0,0.0,8.0,0.0,7.0,0.0,0.0,0.0,0.0,0.0,0.0,0.0,0.0,0.0,0.0,7.0,1.0,2.0,5.0,0.0,66.0,29.0,5.0,0.0,0.0,4.0,4.0,9.0,6.0,7.0,5.0,8.0
9.0,20010003.0,30010003.0,5.0,5.0,12.0,0.0,7.0,1.0,0.0,74.0,77.0,10.0,25.0,9.0,9.0,359.0,361.0,0.0,5.0,3.0,1.0,0.0,0.0,0.0,0.0,0.0,0.0,0.0,0.0,0.0,0.0,3.0,2.0,1.0,0.0,0.0,2684.0,4.0,25.0,8.0,0.0,2.0,5.0,5.0,10.0,0.0,8.0,2.0
9.0,32199999.0,42199999.0,22.0,24.0,78.0,1.0,46.0,37.0,2.0,1264.0,1249.0,24.0,332.0,21.0,21.0,1187.0,1851.0,3.0,24.0,7.0,21.0,0.0,2.0,3.0,12.0,0.0,0.0,0.0,0.0,0.0,0.0,24.0,0.0,2.0,19.0,1.0,14725.0,196.0,165.0,7.0,223.0,13.0,17.0,29.0,14.0,32.0,21.0,25.0
9.0,128384716.0,138384716.0,8.0,19.0,36.0,1.0,20.0,19.0,4.0,908.0,941.0,22.0,137.0,46.0,46.0,1136.0,977.0,0.0,8.0,2.0,16.0,1.0,0.0,0.0,7.0,0.0,0.0,0.0,0.0,0.0,0.0,8.0,0.0,1.0,15.0,0.0,9407.0,77.0,50.0,0.0,25.0,6.0,13.0,14.0,7.0,20.0,1.0,26.0
9.0,75500004.0,85500004.0,9.0,8.0,25.0,0.0,12.0,2.0,1.0,63.0,65.0,3.0,40.0,11.0,11.0,430.0,533.0,0.0,6.0,3.0,11.0,0.0,0.0,0.0,2.0,0.0,0.0,0.0,0.0,0.0,0.0,6.0,0.0,0.0,11.0,0.0,4096.0,42.0,39.0,3.0,5.0,4.0,10.0,7.0,8.0,9.0,11.0,6.0
10.0,10001.0,10010001.0,13.0,9.0,23.0,1.0,15.0,9.0,6.0,255.0,255.0,3.0,78.0,37.0,37.0,804.0,859.0,1.0,8.0,7.0,2.0,0.0,0.0,0.0,4.0,0.0,0.0,0.0,0.0,0.0,0.0,8.0,0.0,0.0,2.0,0.0,2715.0,43.0,7.0,0.0,7.0,14.0,12.0,10.0,7.0,15.0,9.0,13.0
10.0,113787420.0,123787420.0,6.0,0.0,8.0,0.0,2.0,0.0,0.0,172.0,172.0,6.0,10.0,6.0,6.0,192.0,205.0,0.0,3.0,0.0,0.0,0.0,0.0,0.0,0.0,0.0,0.0,0.0,0.0,0.0,0.0,3.0,0.0,0.0,0.0,0.0,21.0,5.0,5.0,0.0,0.0,0.0,6.0,0.0,6.0,0.0,6.0,0.0
10.0,93787418.0,103787418.0,16.0,12.0,35.0,0.0,22.0,1.0,0.0,1137.0,1137.0,27.0,60.0,9.0,9.0,921.0,1231.0,6.0,8.0,9.0,9.0,0.0,0.0,0.0,4.0,0.0,0.0,0.0,0.0,0.0,0.0,6.0,2.0,4.0,5.0,0.0,1508.0,58.0,27.0,0.0,0.0,8.0,16.0,12.0,16.0,12.0,15.0,13.0
10.0,81600005.0,91600005.0,9.0,9.0,31.0,0.0,21.0,4.0,0.0,440.0,441.0,11.0,58.0,7.0,7.0,580.0,628.0,0.0,8.0,2.0,3.0,1.0,0.0,0.0,1.0,0.0,0.0,0.0,0.0,0.0,0.0,7.0,0.0,1.0,2.0,0.0,8021.0,21.0,46.0,2.0,17.0,0.0,10.0,8.0,13.0,5.0,13.0,5.0
10.0,10010002.0,20010002.0,14.0,13.0,32.0,0.0,18.0,1.0,1.0,267.0,273.0,15.0,63.0,38.0,38.0,933.0,1132.0,2.0,3.0,3.0,16.0,0.0,0.0,9.0,5.0,0.0,0.0,0.0,0.0,1.0,0.0,2.0,1.0,2.0,14.0,9.0,5433.0,72.0,8.0,1.0,8.0,10.0,22.0,5.0,15.0,12.0,14.0,13.0
10.0,61600003.0,71600003.0,11.0,1.0,13.0,0.0,7.0,1.0,0.0,177.0,179.0,6.0,25.0,6.0,6.0,627.0,683.0,0.0,5.0,4.0,6.0,0.0,1.0,0.0,2.0,0.0,0.0,0.0,0.0,0.0,0.0,5.0,0.0,0.0,6.0,0.0,5324.0,20.0,4.0,0.0,0.0,0.0,5.0,7.0,11.0,1.0,8.0,4.0
10.0,123787421.0,133787421.0,11.0,10.0,34.0,3.0,14.0,13.0,3.0,208.0,209.0,11.0,56.0,31.0,31.0,789.0,890.0,0.0,7.0,3.0,9.0,2.0,0.0,1.0,0.0,0.0,0.0,0.0,0.0,0.0,0.0,6.0,1.0,0.0,9.0,1.0,9321.0,74.0,13.0,6.0,18.0,12.0,12.0,10.0,4.0,17.0,6.0,15.0
10.0,83787417.0,93787417.0,14.0,10.0,39.0,0.0,24.0,4.0,0.0,564.0,566.0,15.0,70.0,9.0,9.0,1000.0,1302.0,0.0,9.0,2.0,5.0,1.0,0.0,0.0,6.0,0.0,0.0,0.0,0.0,0.0,0.0,8.0,0.0,1.0,4.0,0.0,8077.0,29.0,49.0,2.0,17.0,0.0,13.0,11.0,17.0,7.0,17.0,7.0
10.0,71600004.0,81600004.0,9.0,13.0,36.0,0.0,26.0,10.0,0.0,493.0,528.0,10.0,226.0,18.0,18.0,577.0,662.0,1.0,12.0,3.0,15.0,2.0,0.0,0.0,2.0,0.0,0.0,0.0,0.0,0.0,0.0,12.0,0.0,0.0,15.0,0.0,9371.0,70.0,24.0,3.0,16.0,4.0,8.0,14.0,14.0,8.0,11.0,11.0
10.0,17999998.0,27999998.0,24.0,33.0,77.0,0.0,32.0,6.0,3.0,839.0,850.0,35.0,142.0,18.0,18.0,1367.0,1849.0,5.0,21.0,11.0,23.0,0.0,0.0,6.0,5.0,0.0,0.0,0.0,0.0,1.0,0.0,17.0,4.0,1.0,22.0,6.0,12213.0,97.0,28.0,1.0,3.0,40.0,41.0,16.0,36.0,21.0,46.0,11.0
10.0,41600001.0,51600001.0,13.0,47.0,103.0,4.0,74.0,45.0,4.0,620.0,668.0,23.0,435.0,45.0,44.0,1768.0,2289.0,7.0,30.0,13.0,20.0,5.0,0.0,1.0,14.0,0.0,0.0,0.0,0.0,0.0,0.0,28.0,1.0,4.0,16.0,0.0,38521.0,343.0,77.0,67.0,188.0,30.0,32.0,28.0,24.0,36.0,37.0,23.0
10.0,103787419.0,113787419.0,2.0,1.0,6.0,0.0,1.0,0.0,0.0,73.0,73.0,1.0,7.0,1.0,1.0,20.0,70.0,0.0,2.0,1.0,2.0,0.0,0.0,0.0,1.0,0.0,0.0,0.0,0.0,0.0,0.0,2.0,0.0,1.0,1.0,0.0,14.0,8.0,0.0,0.0,0.0,0.0,2.0,1.0,2.0,1.0,3.0,0.0
10.0,27999999.0,37999999.0,18.0,54.0,83.0,0.0,23.0,3.0,0.0,934.0,945.0,22.0,171.0,57.0,57.0,2238.0,3277.0,5.0,35.0,12.0,38.0,0.0,1.0,0.0,18.0,0.0,0.0,0.0,0.0,0.0,0.0,34.0,1.0,6.0,32.0,0.0,14827.0,99.0,41.0,5.0,5.0,0.0,64.0,8.0,39.0,33.0,46.0,26.0
10.0,51600002.0,61600002.0,13.0,13.0,34.0,0.0,14.0,3.0,1.0,55.0,55.0,5.0,67.0,8.0,8.0,898.0,1002.0,3.0,9.0,6.0,7.0,0.0,0.0,0.0,2.0,0.0,0.0,0.0,0.0,0.0,0.0,6.0,3.0,3.0,4.0,0.0,13298.0,37.0,14.0,0.0,4.0,0.0,12.0,14.0,18.0,8.0,23.0,3.0
11.0,10001.0,10010001.0,12.0,20.0,39.0,1.0,33.0,10.0,0.0,737.0,747.0,16.0,139.0,35.0,35.0,994.0,1708.0,4.0,6.0,9.0,5.0,0.0,2.0,1.0,7.0,0.0,0.0,0.0,0.0,0.0,0.0,4.0,2.0,0.0,5.0,1.0,8054.0,79.0,93.0,3.0,49.0,16.0,16.0,16.0,12.0,20.0,9.0,23.0
11.0,30999998.0,40999998.0,9.0,1.0,14.0,0.0,3.0,0.0,0.0,121.0,121.0,4.0,27.0,7.0,7.0,249.0,233.0,0.0,6.0,0.0,7.0,1.0,0.0,0.0,1.0,0.0,0.0,0.0,0.0,0.0,0.0,6.0,0.0,0.0,7.0,0.0,95.0,9.0,14.0,0.0,0.0,2.0,4.0,6.0,4.0,6.0,4.0,6.0
11.0,75800003.0,85800003.0,4.0,8.0,15.0,0.0,4.0,0.0,0.0,144.0,146.0,5.0,35.0,4.0,4.0,237.0,488.0,1.0,4.0,3.0,5.0,0.0,1.0,0.0,2.0,0.0,0.0,0.0,0.0,0.0,0.0,3.0,0.0,2.0,3.0,0.0,1373.0,16.0,6.0,0.0,1.0,0.0,7.0,5.0,7.0,5.0,8.0,4.0
11.0,10010002.0,20010002.0,16.0,9.0,30.0,0.0,19.0,2.0,2.0,573.0,575.0,15.0,65.0,16.0,16.0,550.0,1265.0,0.0,10.0,3.0,1.0,2.0,0.0,2.0,4.0,0.0,0.0,0.0,0.0,0.0,0.0,9.0,0.0,0.0,1.0,2.0,1439.0,49.0,20.0,0.0,0.0,6.0,12.0,13.0,16.0,9.0,15.0,10.0
11.0,105076619.0,115076619.0,9.0,12.0,24.0,0.0,10.0,1.0,2.0,378.0,380.0,10.0,48.0,9.0,9.0,655.0,529.0,2.0,10.0,2.0,1.0,1.0,0.0,0.0,3.0,0.0,0.0,0.0,0.0,0.0,0.0,6.0,3.0,1.0,0.0,0.0,1453.0,57.0,12.0,0.0,0.0,4.0,8.0,13.0,17.0,4.0,9.0,12.0
11.0,85800004.0,95800004.0,12.0,13.0,39.0,0.0,24.0,13.0,0.0,216.0,232.0,11.0,84.0,5.0,5.0,607.0,930.0,2.0,7.0,6.0,6.0,1.0,0.0,2.0,5.0,0.0,0.0,0.0,0.0,0.0,0.0,5.0,2.0,2.0,4.0,2.0,10690.0,79.0,16.0,6.0,82.0,2.0,11.0,14.0,17.0,8.0,16.0,9.0
11.0,20010003.0,30010003.0,8.0,4.0,15.0,0.0,3.0,1.0,0.0,31.0,31.0,3.0,32.0,9.0,9.0,199.0,349.0,1.0,5.0,4.0,6.0,0.0,0.0,0.0,2.0,0.0,0.0,0.0,0.0,0.0,0.0,5.0,0.0,5.0,1.0,0.0,30.0,11.0,3.0,0.0,0.0,0.0,8.0,4.0,7.0,5.0,10.0,2.0
11.0,65800002.0,75800002.0,15.0,14.0,37.0,0.0,25.0,14.0,0.0,1124.0,1119.0,20.0,114.0,14.0,14.0,1119.0,2234.0,1.0,9.0,11.0,12.0,0.0,0.0,4.0,1.0,0.0,0.0,0.0,0.0,0.0,0.0,7.0,2.0,2.0,9.0,4.0,8116.0,183.0,49.0,4.0,99.0,12.0,14.0,15.0,10.0,19.0,4.0,25.0
11.0,40999999.0,50999999.0,13.0,29.0,67.0,0.0,18.0,16.0,0.0,243.0,255.0,8.0,110.0,20.0,20.0,739.0,1547.0,2.0,36.0,9.0,20.0,2.0,2.0,5.0,4.0,0.0,0.0,0.0,0.0,0.0,0.0,36.0,0.0,1.0,19.0,0.0,23932.0,99.0,41.0,5.0,83.0,10.0,24.0,18.0,28.0,14.0,35.0,7.0
11.0,125076621.0,135076621.0,14.0,10.0,26.0,0.0,17.0,5.0,2.0,155.0,154.0,11.0,52.0,38.0,38.0,862.0,1153.0,3.0,3.0,2.0,2.0,0.0,0.0,0.0,4.0,0.0,0.0,0.0,0.0,0.0,0.0,3.0,0.0,1.0,1.0,0.0,4030.0,23.0,10.0,0.0,0.0,6.0,11.0,13.0,9.0,15.0,9.0,15.0
11.0,20999997.0,30999997.0,8.0,4.0,15.0,0.0,4.0,1.0,0.0,33.0,33.0,3.0,32.0,7.0,7.0,199.0,349.0,1.0,5.0,4.0,5.0,0.0,0.0,0.0,2.0,0.0,0.0,0.0,0.0,0.0,0.0,5.0,0.0,4.0,1.0,0.0,30.0,11.0,3.0,0.0,0.0,0.0,9.0,3.0,8.0,4.0,10.0,2.0
11.0,95076618.0,105076618.0,6.0,3.0,10.0,0.0,3.0,0.0,0.0,67.0,68.0,3.0,20.0,5.0,5.0,315.0,611.0,2.0,6.0,0.0,1.0,0.0,0.0,0.0,2.0,0.0,0.0,0.0,0.0,0.0,0.0,5.0,1.0,1.0,0.0,0.0,1343.0,11.0,2.0,0.0,0.0,0.0,4.0,5.0,8.0,1.0,9.0,0.0
11.0,55800001.0,65800001.0,21.0,19.0,46.0,0.0,28.0,7.0,1.0,933.0,941.0,23.0,88.0,16.0,16.0,1290.0,1376.0,2.0,13.0,12.0,11.0,1.0,0.0,0.0,6.0,0.0,0.0,0.0,0.0,0.0,0.0,9.0,4.0,0.0,11.0,0.0,1459.0,63.0,16.0,1.0,17.0,18.0,23.0,17.0,22.0,18.0,22.0,18.0
11.0,115076620.0,125076620.0,17.0,10.0,34.0,0.0,18.0,0.0,0.0,633.0,633.0,14.0,60.0,34.0,34.0,758.0,1058.0,1.0,10.0,5.0,9.0,0.0,0.0,0.0,7.0,0.0,0.0,0.0,0.0,0.0,0.0,7.0,3.0,2.0,7.0,0.0,94.0,43.0,8.0,0.0,0.0,10.0,16.0,11.0,12.0,15.0,9.0,18.0
12.0,10001.0,10010001.0,34.0,19.0,84.0,1.0,47.0,15.0,0.0,1157.0,1165.0,31.0,172.0,63.0,63.0,1994.0,1938.0,1.0,23.0,15.0,22.0,1.0,0.0,2.0,8.0,0.0,0.0,0.0,0.0,0.0,0.0,19.0,2.0,6.0,16.0,2.0,12091.0,99.0,80.0,1.0,56.0,18.0,31.0,22.0,24.0,29.0,16.0,37.0
12.0,77800005.0,87800005.0,6.0,3.0,10.0,0.0,6.0,0.0,0.0,36.0,37.0,3.0,24.0,9.0,9.0,218.0,345.0,1.0,6.0,1.0,0.0,1.0,0.0,0.0,5.0,0.0,0.0,0.0,0.0,0.0,0.0,6.0,0.0,0.0,0.0,0.0,22.0,7.0,4.0,0.0,0.0,0.0,4.0,5.0,6.0,3.0,8.0,1.0
12.0,83265304.0,93265304.0,10.0,2.0,16.0,0.0,8.0,0.0,0.0,55.0,56.0,1.0,36.0,9.0,9.0,334.0,425.0,2.0,6.0,5.0,0.0,2.0,0.0,0.0,5.0,0.0,0.0,0.0,0.0,0.0,0.0,5.0,1.0,0.0,0.0,0.0,1355.0,9.0,50.0,0.0,0.0,0.0,7.0,5.0,10.0,2.0,9.0,3.0
12.0,113265307.0,123265307.0,6.0,4.0,11.0,0.0,7.0,0.0,0.0,501.0,499.0,7.0,33.0,11.0,11.0,397.0,695.0,0.0,0.0,2.0,9.0,1.0,0.0,0.0,0.0,0.0,0.0,0.0,0.0,0.0,0.0,0.0,0.0,0.0,9.0,0.0,22.0,11.0,1.0,0.0,0.0,4.0,7.0,3.0,3.0,7.0,2.0,8.0
12.0,10010002.0,20010002.0,20.0,13.0,43.0,0.0,36.0,1.0,1.0,392.0,398.0,11.0,76.0,29.0,29.0,1017.0,994.0,3.0,22.0,4.0,10.0,1.0,0.0,0.0,2.0,0.0,0.0,0.0,0.0,0.0,0.0,20.0,2.0,5.0,5.0,0.0,195.0,53.0,27.0,0.0,0.0,20.0,25.0,8.0,27.0,6.0,19.0,14.0
12.0,57800003.0,67800003.0,11.0,4.0,20.0,0.0,6.0,2.0,1.0,322.0,325.0,6.0,37.0,8.0,8.0,393.0,509.0,2.0,7.0,3.0,2.0,0.0,0.0,0.0,1.0,0.0,0.0,0.0,0.0,0.0,0.0,6.0,0.0,1.0,1.0,0.0,148.0,34.0,4.0,1.0,3.0,0.0,9.0,6.0,7.0,8.0,7.0,8.0
12.0,103265306.0,113265306.0,7.0,4.0,19.0,0.0,4.0,0.0,0.0,327.0,327.0,11.0,22.0,10.0,10.0,179.0,402.0,0.0,4.0,5.0,3.0,0.0,0.0,0.0,3.0,1.0,0.0,0.0,0.0,0.0,0.0,4.0,0.0,1.0,2.0,0.0,94.0,39.0,5.0,0.0,0.0,0.0,5.0,6.0,7.0,4.0,7.0,4.0
12.0,23199999.0,33199999.0,12.0,18.0,35.0,0.0,25.0,4.0,1.0,780.0,784.0,18.0,97.0,28.0,28.0,1123.0,1058.0,2.0,7.0,0.0,13.0,0.0,2.0,0.0,4.0,0.0,0.0,0.0,0.0,0.0,0.0,6.0,0.0,1.0,12.0,0.0,5401.0,49.0,17.0,0.0,0.0,4.0,14.0,16.0,17.0,13.0,22.0,8.0
12.0,67800004.0,77800004.0,15.0,1.0,18.0,0.0,7.0,1.0,0.0,115.0,115.0,7.0,39.0,11.0,11.0,346.0,600.0,2.0,9.0,2.0,2.0,0.0,0.0,0.0,0.0,0.0,0.0,0.0,0.0,0.0,0.0,7.0,2.0,0.0,2.0,0.0,140.0,26.0,10.0,0.0,0.0,2.0,7.0,9.0,13.0,3.0,13.0,3.0
12.0,47800002.0,57800002.0,22.0,14.0,46.0,0.0,27.0,7.0,1.0,1132.0,1132.0,22.0,75.0,26.0,26.0,1467.0,1582.0,0.0,6.0,4.0,6.0,2.0,0.0,2.0,3.0,0.0,0.0,0.0,0.0,0.0,0.0,6.0,0.0,0.0,6.0,2.0,4091.0,63.0,22.0,0.0,2.0,8.0,12.0,24.0,20.0,16.0,12.0,24.0
12.0,13199998.0,23199998.0,18.0,2.0,25.0,0.0,10.0,2.0,2.0,74.0,75.0,0.0,54.0,13.0,13.0,670.0,589.0,1.0,13.0,4.0,1.0,0.0,0.0,0.0,3.0,0.0,0.0,0.0,0.0,0.0,0.0,11.0,2.0,0.0,1.0,0.0,130.0,44.0,8.0,0.0,0.0,2.0,8.0,12.0,15.0,5.0,10.0,10.0
12.0,93265305.0,103265305.0,17.0,2.0,22.0,0.0,16.0,0.0,0.0,561.0,562.0,12.0,43.0,16.0,16.0,493.0,799.0,0.0,6.0,2.0,2.0,2.0,0.0,0.0,2.0,0.0,0.0,0.0,0.0,0.0,0.0,4.0,1.0,1.0,1.0,0.0,1388.0,34.0,8.0,0.0,0.0,4.0,6.0,13.0,12.0,7.0,12.0,7.0
12.0,123265308.0,133265308.0,21.0,24.0,47.0,0.0,18.0,6.0,5.0,338.0,340.0,13.0,110.0,137.0,137.0,1072.0,1502.0,3.0,2.0,12.0,3.0,2.0,0.0,0.0,10.0,0.0,0.0,0.0,0.0,0.0,0.0,0.0,2.0,1.0,2.0,0.0,1420.0,32.0,15.0,0.0,0.0,32.0,20.0,25.0,6.0,39.0,6.0,39.0
12.0,37800001.0,47800001.0,10.0,12.0,27.0,0.0,10.0,6.0,2.0,251.0,260.0,2.0,60.0,8.0,8.0,1026.0,1267.0,1.0,9.0,5.0,6.0,0.0,0.0,1.0,4.0,0.0,0.0,0.0,0.0,0.0,0.0,8.0,1.0,1.0,5.0,0.0,5426.0,32.0,47.0,0.0,4.0,2.0,13.0,9.0,16.0,6.0,17.0,5.0
13.0,10001.0,10010001.0,0.0,0.0,0.0,0.0,0.0,0.0,0.0,0.0,0.0,0.0,0.0,0.0,0.0,0.0,0.0,0.0,0.0,0.0,0.0,0.0,0.0,0.0,0.0,0.0,0.0,0.0,0.0,0.0,0.0,0.0,0.0,0.0,0.0,0.0,0.0,0.0,0.0,0.0,0.0,0.0,0.0,0.0,0.0,0.0,0.0,0.0
13.0,74354324.0,84354324.0,4.0,2.0,8.0,0.0,4.0,0.0,0.0,86.0,86.0,2.0,18.0,3.0,3.0,234.0,200.0,1.0,3.0,0.0,0.0,0.0,0.0,0.0,1.0,0.0,0.0,0.0,0.0,0.0,0.0,2.0,0.0,0.0,0.0,0.0,1362.0,21.0,1.0,0.0,0.0,0.0,3.0,3.0,4.0,2.0,3.0,3.0
13.0,104354327.0,114354327.0,5.0,7.0,13.0,3.0,8.0,0.0,0.0,81.0,82.0,5.0,26.0,18.0,18.0,394.0,296.0,0.0,1.0,1.0,2.0,0.0,0.0,0.0,1.0,0.0,0.0,0.0,0.0,0.0,0.0,1.0,0.0,0.0,2.0,0.0,2671.0,8.0,28.0,0.0,1.0,4.0,3.0,9.0,0.0,12.0,2.0,10.0
13.0,18900001.0,28900001.0,25.0,58.0,121.0,0.0,54.0,24.0,7.0,1337.0,1367.0,41.0,233.0,117.0,117.0,3055.0,4015.0,3.0,34.0,15.0,42.0,1.0,0.0,1.0,8.0,0.0,0.0,0.0,0.0,0.0,0.0,28.0,6.0,1.0,41.0,0.0,24139.0,161.0,65.0,0.0,4.0,17.0,43.0,40.0,46.0,37.0,50.0,33.0
13.0,64354323.0,74354323.0,8.0,3.0,14.0,0.0,2.0,0.0,0.0,30.0,30.0,3.0,32.0,2.0,2.0,256.0,357.0,0.0,9.0,1.0,1.0,2.0,0.0,1.0,1.0,0.0,0.0,0.0,0.0,0.0,0.0,8.0,1.0,0.0,1.0,1.0,1430.0,60.0,11.0,0.0,10.0,0.0,7.0,4.0,10.0,1.0,5.0,6.0
13.0,38900003.0,48900003.0,13.0,20.0,48.0,0.0,23.0,4.0,0.0,571.0,579.0,20.0,88.0,50.0,50.0,1250.0,1117.0,1.0,22.0,7.0,12.0,0.0,0.0,2.0,6.0,0.0,0.0,0.0,0.0,0.0,0.0,22.0,0.0,1.0,11.0,2.0,10685.0,51.0,68.0,1.0,13.0,8.0,22.0,11.0,19.0,14.0,22.0,11.0
13.0,94354326.0,104354326.0,9.0,0.0,11.0,0.0,7.0,0.0,0.0,191.0,192.0,4.0,19.0,9.0,9.0,215.0,312.0,1.0,3.0,3.0,3.0,0.0,0.0,0.0,1.0,0.0,0.0,0.0,0.0,0.0,0.0,2.0,1.0,1.0,2.0,0.0,43.0,6.0,8.0,0.0,0.0,0.0,6.0,3.0,6.0,3.0,6.0,3.0
13.0,48900004.0,58900004.0,6.0,19.0,42.0,0.0,19.0,10.0,4.0,320.0,323.0,10.0,70.0,11.0,11.0,800.0,1071.0,5.0,7.0,4.0,20.0,0.0,0.0,2.0,0.0,0.0,0.0,0.0,0.0,0.0,0.0,4.0,3.0,2.0,18.0,2.0,10693.0,70.0,53.0,0.0,1.0,20.0,11.0,14.0,12.0,13.0,14.0,11.0
13.0,28900002.0,38900002.0,11.0,6.0,25.0,0.0,14.0,1.0,0.0,186.0,187.0,5.0,51.0,23.0,23.0,547.0,753.0,0.0,12.0,4.0,3.0,0.0,0.0,0.0,2.0,0.0,0.0,0.0,0.0,0.0,0.0,12.0,0.0,0.0,3.0,0.0,5363.0,27.0,6.0,0.0,3.0,5.0,10.0,7.0,10.0,7.0,13.0,4.0
13.0,84354325.0,94354325.0,6.0,22.0,30.0,1.0,21.0,1.0,1.0,116.0,122.0,8.0,64.0,6.0,6.0,811.0,993.0,1.0,8.0,2.0,7.0,0.0,0.0,0.0,1.0,0.0,0.0,0.0,0.0,0.0,0.0,7.0,0.0,3.0,4.0,0.0,18603.0,46.0,19.0,0.0,5.0,0.0,25.0,3.0,27.0,1.0,27.0,1.0
13.0,6499999.0,16499999.0,0.0,0.0,0.0,0.0,0.0,0.0,0.0,0.0,0.0,0.0,0.0,0.0,0.0,0.0,0.0,0.0,0.0,0.0,0.0,0.0,0.0,0.0,0.0,0.0,0.0,0.0,0.0,0.0,0.0,0.0,0.0,0.0,0.0,0.0,0.0,0.0,0.0,0.0,0.0,0.0,0.0,0.0,0.0,0.0,0.0,0.0
13.0,58900005.0,68900005.0,5.0,9.0,17.0,0.0,4.0,1.0,1.0,45.0,50.0,5.0,38.0,0.0,0.0,300.0,507.0,0.0,10.0,2.0,0.0,0.0,0.0,1.0,2.0,0.0,0.0,0.0,0.0,0.0,0.0,9.0,1.0,0.0,0.0,1.0,6720.0,88.0,13.0,2.0,14.0,4.0,5.0,9.0,13.0,1.0,10.0,4.0
14.0,67033714.0,77033714.0,12.0,6.0,25.0,0.0,16.0,3.0,0.0,685.0,682.0,16.0,48.0,8.0,8.0,559.0,693.0,1.0,6.0,1.0,12.0,0.0,0.0,0.0,3.0,0.0,0.0,0.0,0.0,0.0,0.0,5.0,0.0,0.0,12.0,0.0,147.0,42.0,21.0,0.0,0.0,4.0,8.0,10.0,11.0,7.0,9.0,9.0
14.0,10001.0,10010001.0,0.0,0.0,0.0,0.0,0.0,0.0,0.0,0.0,0.0,0.0,0.0,0.0,0.0,0.0,0.0,0.0,0.0,0.0,0.0,0.0,0.0,0.0,0.0,0.0,0.0,0.0,0.0,0.0,0.0,0.0,0.0,0.0,0.0,0.0,0.0,0.0,0.0,0.0,0.0,0.0,0.0,0.0,0.0,0.0,0.0,0.0
14.0,48200004.0,58200004.0,14.0,10.0,27.0,0.0,15.0,4.0,3.0,491.0,493.0,9.0,58.0,21.0,21.0,992.0,1244.0,0.0,11.0,1.0,2.0,0.0,1.0,4.0,2.0,0.0,0.0,0.0,0.0,0.0,0.0,7.0,3.0,0.0,2.0,4.0,5363.0,63.0,9.0,0.0,4.0,0.0,10.0,14.0,15.0,9.0,18.0,6.0
14.0,18200001.0,28200001.0,16.0,15.0,47.0,4.0,26.0,23.0,1.0,804.0,817.0,19.0,109.0,57.0,57.0,973.0,1136.0,5.0,22.0,4.0,10.0,1.0,1.0,2.0,3.0,0.0,0.0,0.0,0.0,0.0,0.0,20.0,2.0,1.0,9.0,1.0,10731.0,79.0,131.0,5.0,127.0,18.0,13.0,18.0,20.0,11.0,17.0,14.0
14.0,97033717.0,107033717.0,20.0,41.0,91.0,0.0,13.0,23.0,1.0,3447.0,3413.0,52.0,212.0,62.0,62.0,1757.0,1782.0,2.0,22.0,21.0,4.0,1.0,0.0,1.0,10.0,0.0,0.0,0.0,0.0,0.0,0.0,21.0,1.0,0.0,4.0,0.0,38623.0,121.0,61.0,3.0,14.0,62.0,32.0,29.0,16.0,45.0,23.0,38.0
14.0,77033715.0,87033715.0,4.0,0.0,4.0,0.0,2.0,0.0,0.0,23.0,24.0,0.0,12.0,0.0,0.0,84.0,101.0,0.0,2.0,2.0,0.0,0.0,0.0,0.0,1.0,0.0,0.0,0.0,0.0,0.0,0.0,2.0,0.0,0.0,0.0,0.0,54.0,35.0,0.0,0.0,0.0,0.0,2.0,2.0,2.0,2.0,2.0,2.0
14.0,38200003.0,48200003.0,11.0,3.0,15.0,0.0,3.0,1.0,1.0,66.0,66.0,3.0,42.0,4.0,4.0,328.0,796.0,2.0,9.0,1.0,0.0,0.0,0.0,0.0,2.0,0.0,0.0,0.0,0.0,0.0,0.0,9.0,0.0,0.0,0.0,0.0,40.0,8.0,7.0,0.0,0.0,0.0,7.0,7.0,11.0,3.0,10.0,4.0
14.0,87033716.0,97033716.0,12.0,8.0,24.0,0.0,11.0,1.0,1.0,365.0,366.0,12.0,42.0,32.0,32.0,579.0,605.0,0.0,6.0,1.0,7.0,1.0,0.0,0.0,3.0,0.0,0.0,0.0,0.0,0.0,0.0,5.0,1.0,1.0,6.0,0.0,1425.0,29.0,26.0,0.0,0.0,4.0,7.0,13.0,12.0,8.0,10.0,10.0
14.0,58200005.0,68200005.0,10.0,4.0,20.0,0.0,8.0,5.0,0.0,257.0,256.0,8.0,32.0,3.0,3.0,315.0,380.0,3.0,3.0,3.0,3.0,0.0,0.0,0.0,3.0,0.0,0.0,0.0,0.0,0.0,0.0,3.0,0.0,0.0,3.0,0.0,172.0,35.0,24.0,0.0,0.0,0.0,7.0,7.0,10.0,4.0,7.0,7.0
14.0,6099999.0,16099999.0,0.0,1.0,1.0,1.0,0.0,4.0,0.0,20.0,21.0,0.0,3.0,1.0,1.0,31.0,39.0,0.0,0.0,0.0,0.0,0.0,0.0,1.0,0.0,0.0,0.0,0.0,0.0,0.0,0.0,0.0,0.0,0.0,0.0,0.0,1325.0,0.0,12.0,0.0,1.0,0.0,0.0,1.0,1.0,0.0,0.0,1.0
14.0,28200002.0,38200002.0,15.0,6.0,21.0,0.0,10.0,4.0,0.0,427.0,429.0,18.0,45.0,35.0,35.0,526.0,793.0,2.0,8.0,3.0,5.0,0.0,0.0,0.0,3.0,0.0,0.0,0.0,0.0,0.0,0.0,4.0,3.0,1.0,4.0,0.0,1371.0,11.0,10.0,0.0,0.0,2.0,8.0,13.0,15.0,6.0,12.0,9.0
15.0,10001.0,10010001.0,0.0,0.0,0.0,0.0,0.0,0.0,0.0,0.0,0.0,0.0,0.0,0.0,0.0,0.0,0.0,0.0,0.0,0.0,0.0,0.0,0.0,0.0,0.0,0.0,0.0,0.0,0.0,0.0,0.0,0.0,0.0,0.0,0.0,0.0,0.0,0.0,0.0,0.0,0.0,0.0,0.0,0.0,0.0,0.0,0.0,0.0
15.0,71981186.0,81981186.0,18.0,31.0,73.0,0.0,33.0,14.0,2.0,1195.0,1213.0,30.0,130.0,24.0,24.0,1480.0,1672.0,7.0,21.0,7.0,25.0,0.0,0.0,1.0,11.0,0.0,0.0,0.0,0.0,0.0,0.0,20.0,0.0,2.0,23.0,1.0,35984.0,235.0,47.0,1.0,68.0,18.0,33.0,16.0,15.0,34.0,15.0,34.0
15.0,20500001.0,30500001.0,13.0,45.0,128.0,10.0,86.0,47.0,2.0,696.0,732.0,21.0,280.0,63.0,63.0,1617.0,2028.0,1.0,19.0,9.0,29.0,1.0,0.0,0.0,8.0,0.0,0.0,0.0,0.0,0.0,0.0,18.0,1.0,3.0,26.0,0.0,39876.0,448.0,91.0,17.0,429.0,45.0,23.0,35.0,24.0,34.0,26.0,32.0
15.0,7499999.0,17499999.0,0.0,0.0,0.0,0.0,0.0,0.0,0.0,0.0,0.0,0.0,0.0,0.0,0.0,0.0,0.0,0.0,0.0,0.0,0.0,0.0,0.0,0.0,0.0,0.0,0.0,0.0,0.0,0.0,0.0,0.0,0.0,0.0,0.0,0.0,0.0,0.0,0.0,0.0,0.0,0.0,0.0,0.0,0.0,0.0,0.0,0.0
15.0,91981188.0,101981188.0,10.0,12.0,35.0,1.0,15.0,6.0,1.0,751.0,754.0,12.0,70.0,49.0,49.0,858.0,767.0,2.0,12.0,2.0,14.0,3.0,0.0,0.0,3.0,0.0,0.0,0.0,0.0,0.0,0.0,9.0,3.0,3.0,11.0,0.0,9343.0,100.0,20.0,1.0,33.0,2.0,11.0,11.0,11.0,11.0,10.0,12.0
15.0,50500004.0,60500004.0,15.0,4.0,25.0,0.0,16.0,1.0,0.0,245.0,245.0,12.0,40.0,8.0,8.0,526.0,639.0,0.0,11.0,3.0,2.0,0.0,0.0,0.0,2.0,0.0,0.0,0.0,0.0,0.0,0.0,9.0,2.0,0.0,2.0,0.0,149.0,51.0,2.0,0.0,0.0,0.0,9.0,10.0,15.0,4.0,13.0,6.0
15.0,81981187.0,91981187.0,14.0,19.0,55.0,2.0,40.0,19.0,1.0,944.0,1017.0,18.0,426.0,30.0,30.0,950.0,1408.0,2.0,12.0,2.0,27.0,0.0,0.0,0.0,2.0,0.0,0.0,0.0,1.0,0.0,0.0,11.0,0.0,4.0,23.0,0.0,17284.0,173.0,48.0,21.0,273.0,8.0,20.0,13.0,9.0,24.0,13.0,20.0
15.0,40500003.0,50500003.0,22.0,19.0,53.0,0.0,37.0,9.0,2.0,1618.0,1625.0,23.0,165.0,18.0,18.0,1770.0,1601.0,6.0,13.0,6.0,18.0,1.0,0.0,0.0,7.0,0.0,0.0,0.0,0.0,0.0,0.0,10.0,2.0,1.0,17.0,0.0,5460.0,63.0,6.0,0.0,0.0,14.0,17.0,24.0,24.0,17.0,26.0,15.0
15.0,30500002.0,40500002.0,21.0,15.0,63.0,0.0,37.0,20.0,3.0,449.0,457.0,27.0,190.0,69.0,69.0,1181.0,1371.0,3.0,18.0,1.0,16.0,1.0,2.0,2.0,8.0,0.0,0.0,0.0,0.0,0.0,0.0,18.0,0.0,1.0,15.0,2.0,15976.0,174.0,32.0,7.0,240.0,12.0,20.0,16.0,20.0,16.0,15.0,21.0
15.0,61981185.0,71981185.0,16.0,2.0,24.0,0.0,9.0,1.0,0.0,526.0,525.0,13.0,36.0,14.0,14.0,531.0,792.0,2.0,11.0,2.0,7.0,0.0,0.0,0.0,3.0,0.0,0.0,0.0,0.0,0.0,0.0,10.0,0.0,0.0,7.0,0.0,2834.0,107.0,22.0,0.0,0.0,2.0,13.0,5.0,12.0,6.0,5.0,13.0
15.0,60500005.0,70500005.0,14.0,2.0,19.0,0.0,9.0,1.0,0.0,526.0,525.0,11.0,32.0,13.0,13.0,539.0,748.0,3.0,7.0,2.0,6.0,0.0,0.0,0.0,2.0,0.0,0.0,0.0,0.0,0.0,0.0,6.0,0.0,0.0,6.0,0.0,2786.0,84.0,22.0,0.0,0.0,2.0,11.0,5.0,9.0,7.0,5.0,11.0
16.0,10001.0,10010001.0,12.0,19.0,44.0,1.0,25.0,33.0,5.0,1438.0,1437.0,20.0,103.0,63.0,63.0,1490.0,2006.0,0.0,4.0,4.0,13.0,0.0,0.0,0.0,6.0,0.0,0.0,0.0,0.0,0.0,0.0,4.0,0.0,1.0,12.0,0.0,6769.0,72.0,23.0,0.0,40.0,20.0,8.0,23.0,3.0,28.0,2.0,29.0
16.0,25299999.0,35299999.0,28.0,53.0,150.0,9.0,53.0,87.0,0.0,1459.0,1492.0,40.0,472.0,41.0,41.0,2499.0,3353.0,2.0,30.0,19.0,35.0,1.0,2.0,9.0,14.0,0.0,0.0,0.0,1.0,0.0,0.0,29.0,1.0,1.0,34.0,2.0,29782.0,399.0,556.0,37.0,1156.0,88.0,38.0,44.0,35.0,46.0,47.0,34.0
16.0,48400002.0,58400002.0,10.0,8.0,26.0,0.0,13.0,3.0,0.0,176.0,179.0,5.0,40.0,25.0,25.0,410.0,794.0,4.0,8.0,0.0,10.0,0.0,1.0,0.0,3.0,1.0,0.0,0.0,0.0,0.0,0.0,7.0,1.0,2.0,8.0,0.0,5363.0,36.0,70.0,0.0,5.0,8.0,13.0,5.0,9.0,9.0,5.0,13.0
16.0,10010002.0,20010002.0,11.0,19.0,47.0,2.0,37.0,49.0,0.0,1147.0,1158.0,27.0,284.0,36.0,36.0,1085.0,1597.0,1.0,8.0,1.0,36.0,1.0,0.0,0.0,2.0,0.0,0.0,0.0,0.0,0.0,0.0,8.0,0.0,2.0,34.0,0.0,2028.0,128.0,57.0,4.0,143.0,14.0,12.0,18.0,11.0,19.0,11.0,19.0
16.0,80328344.0,90328344.0,12.0,11.0,32.0,1.0,23.0,34.0,2.0,731.0,738.0,8.0,141.0,60.0,60.0,1008.0,911.0,1.0,5.0,4.0,10.0,0.0,0.0,0.0,1.0,0.0,0.0,0.0,0.0,0.0,0.0,5.0,0.0,0.0,10.0,0.0,6832.0,58.0,32.0,2.0,60.0,2.0,6.0,17.0,4.0,19.0,3.0,20.0
16.0,58400003.0,68400003.0,8.0,2.0,13.0,0.0,5.0,4.0,1.0,162.0,162.0,2.0,24.0,4.0,4.0,209.0,342.0,0.0,5.0,0.0,3.0,0.0,0.0,0.0,1.0,0.0,0.0,0.0,0.0,0.0,0.0,3.0,2.0,0.0,3.0,0.0,1344.0,11.0,9.0,0.0,0.0,2.0,5.0,5.0,7.0,3.0,5.0,5.0
16.0,70328343.0,80328343.0,15.0,8.0,28.0,0.0,13.0,2.0,0.0,533.0,529.0,9.0,83.0,14.0,14.0,536.0,885.0,2.0,6.0,6.0,9.0,0.0,0.0,0.0,3.0,0.0,0.0,0.0,1.0,0.0,0.0,5.0,1.0,1.0,8.0,0.0,2948.0,24.0,33.0,1.0,5.0,8.0,6.0,17.0,13.0,10.0,8.0,15.0
16.0,38400001.0,48400001.0,2.0,5.0,10.0,0.0,3.0,1.0,0.0,140.0,147.0,0.0,21.0,7.0,7.0,217.0,273.0,0.0,1.0,0.0,1.0,0.0,0.0,0.0,3.0,0.0,0.0,0.0,0.0,0.0,0.0,1.0,0.0,0.0,1.0,0.0,1357.0,60.0,10.0,1.0,64.0,2.0,1.0,6.0,5.0,2.0,5.0,2.0
16.0,60328342.0,70328342.0,6.0,6.0,19.0,0.0,11.0,8.0,1.0,232.0,244.0,5.0,59.0,2.0,2.0,373.0,349.0,0.0,7.0,0.0,6.0,0.0,1.0,0.0,2.0,0.0,0.0,0.0,0.0,0.0,0.0,5.0,2.0,0.0,6.0,0.0,1507.0,37.0,19.0,0.0,10.0,4.0,4.0,8.0,8.0,4.0,5.0,7.0
16.0,15299998.0,25299998.0,4.0,23.0,42.0,2.0,38.0,38.0,0.0,570.0,585.0,28.0,363.0,25.0,25.0,731.0,1020.0,1.0,5.0,2.0,28.0,0.0,0.0,0.0,1.0,0.0,0.0,0.0,0.0,0.0,0.0,5.0,0.0,2.0,26.0,0.0,628.0,102.0,77.0,2.0,110.0,12.0,7.0,20.0,9.0,18.0,12.0,15.0
17.0,73247440.0,83247440.0,14.0,5.0,22.0,0.0,18.0,6.0,4.0,479.0,481.0,13.0,46.0,30.0,30.0,649.0,797.0,1.0,1.0,1.0,9.0,1.0,0.0,0.0,4.0,0.0,0.0,0.0,0.0,0.0,0.0,1.0,0.0,0.0,9.0,0.0,4021.0,44.0,4.0,1.0,4.0,2.0,4.0,15.0,6.0,13.0,0.0,19.0
17.0,10001.0,10010001.0,19.0,14.0,37.0,1.0,22.0,5.0,4.0,1493.0,1501.0,23.0,68.0,73.0,73.0,755.0,1074.0,3.0,16.0,0.0,13.0,0.0,0.0,0.0,4.0,0.0,0.0,0.0,0.0,0.0,0.0,15.0,1.0,2.0,11.0,0.0,9336.0,87.0,33.0,1.0,46.0,16.0,11.0,22.0,9.0,24.0,6.0,27.0
17.0,37400002.0,47400002.0,29.0,41.0,104.0,0.0,61.0,41.0,1.0,3687.0,3710.0,58.0,258.0,44.0,44.0,2654.0,3707.0,3.0,22.0,16.0,57.0,1.0,2.0,0.0,6.0,0.0,0.0,0.0,0.0,0.0,0.0,15.0,6.0,4.0,53.0,0.0,13182.0,221.0,45.0,17.0,157.0,30.0,40.0,30.0,27.0,43.0,20.0,50.0
17.0,63247439.0,73247439.0,12.0,37.0,71.0,0.0,45.0,16.0,0.0,1259.0,1246.0,40.0,162.0,46.0,46.0,2230.0,2297.0,3.0,8.0,3.0,61.0,1.0,0.0,0.0,11.0,0.0,0.0,0.0,0.0,0.0,0.0,8.0,0.0,2.0,59.0,0.0,2631.0,104.0,16.0,1.0,23.0,16.0,28.0,21.0,25.0,24.0,21.0,28.0
17.0,10010002.0,20010002.0,9.0,26.0,60.0,0.0,52.0,33.0,1.0,1278.0,1308.0,33.0,298.0,19.0,19.0,960.0,1123.0,2.0,10.0,4.0,39.0,1.0,0.0,0.0,3.0,0.0,0.0,0.0,0.0,0.0,0.0,10.0,0.0,0.0,39.0,0.0,26542.0,98.0,36.0,6.0,23.0,14.0,6.0,29.0,14.0,21.0,10.0,25.0
17.0,12699999.0,22699999.0,12.0,55.0,131.0,1.0,76.0,59.0,1.0,1656.0,1723.0,43.0,444.0,37.0,37.0,1765.0,2118.0,3.0,25.0,5.0,60.0,1.0,0.0,6.0,8.0,0.0,0.0,0.0,0.0,0.0,0.0,25.0,0.0,2.0,58.0,0.0,58398.0,375.0,85.0,9.0,83.0,32.0,15.0,52.0,32.0,35.0,25.0,42.0
17.0,47400003.0,57400003.0,13.0,5.0,23.0,0.0,14.0,5.0,3.0,573.0,569.0,15.0,60.0,0.0,0.0,717.0,694.0,1.0,2.0,2.0,8.0,1.0,0.0,0.0,0.0,0.0,0.0,0.0,0.0,0.0,0.0,2.0,0.0,0.0,8.0,0.0,1373.0,19.0,6.0,0.0,3.0,2.0,10.0,8.0,8.0,10.0,9.0,9.0
17.0,27400001.0,37400001.0,31.0,44.0,111.0,0.0,57.0,19.0,5.0,2352.0,2377.0,45.0,241.0,55.0,55.0,2324.0,2754.0,3.0,27.0,11.0,46.0,0.0,1.0,0.0,16.0,0.0,0.0,0.0,0.0,0.0,0.0,26.0,1.0,5.0,41.0,0.0,24668.0,172.0,73.0,8.0,132.0,22.0,48.0,27.0,41.0,34.0,40.0,35.0
17.0,53247438.0,63247438.0,14.0,15.0,38.0,0.0,29.0,7.0,2.0,655.0,649.0,22.0,107.0,21.0,21.0,809.0,1015.0,2.0,5.0,5.0,23.0,0.0,0.0,0.0,2.0,0.0,0.0,0.0,0.0,0.0,0.0,5.0,0.0,3.0,20.0,0.0,13455.0,76.0,44.0,0.0,70.0,8.0,11.0,18.0,18.0,11.0,15.0,14.0
18.0,10001.0,10010001.0,7.0,7.0,19.0,1.0,11.0,5.0,0.0,227.0,240.0,9.0,41.0,37.0,37.0,342.0,455.0,0.0,7.0,1.0,1.0,0.0,0.0,0.0,4.0,0.0,0.0,0.0,0.0,0.0,0.0,6.0,1.0,0.0,1.0,0.0,2714.0,61.0,6.0,0.0,7.0,0.0,6.0,8.0,6.0,8.0,7.0,7.0
18.0,31500002.0,41500002.0,6.0,1.0,12.0,0.0,5.0,0.0,0.0,34.0,35.0,1.0,19.0,0.0,0.0,143.0,210.0,0.0,0.0,0.0,3.0,0.0,0.0,0.0,3.0,0.0,0.0,0.0,0.0,0.0,0.0,0.0,0.0,0.0,3.0,0.0,1385.0,60.0,5.0,0.0,0.0,0.0,4.0,3.0,3.0,4.0,4.0,3.0
18.0,5399999.0,15399999.0,14.0,25.0,55.0,0.0,28.0,18.0,1.0,630.0,632.0,26.0,122.0,56.0,56.0,809.0,1200.0,6.0,21.0,4.0,10.0,3.0,2.0,2.0,6.0,0.0,0.0,0.0,0.0,0.0,0.0,20.0,1.0,0.0,10.0,0.0,8107.0,170.0,57.0,9.0,167.0,6.0,16.0,23.0,15.0,24.0,23.0,16.0
18.0,21500001.0,31500001.0,9.0,7.0,19.0,0.0,11.0,0.0,0.0,142.0,145.0,4.0,40.0,16.0,16.0,509.0,411.0,2.0,11.0,1.0,2.0,0.0,0.0,1.0,3.0,0.0,0.0,0.0,0.0,0.0,0.0,10.0,1.0,0.0,2.0,1.0,56.0,18.0,8.0,0.0,0.0,0.0,5.0,11.0,11.0,5.0,13.0,3.0
18.0,70363284.0,80363284.0,14.0,2.0,16.0,0.0,2.0,1.0,0.0,139.0,140.0,5.0,40.0,35.0,35.0,529.0,796.0,0.0,4.0,3.0,1.0,0.0,1.0,1.0,1.0,0.0,0.0,0.0,0.0,0.0,0.0,4.0,0.0,1.0,0.0,0.0,2678.0,22.0,1.0,0.0,0.0,12.0,4.0,12.0,2.0,14.0,2.0,14.0
18.0,41500003.0,51500003.0,10.0,3.0,13.0,2.0,6.0,4.0,0.0,73.0,75.0,6.0,27.0,10.0,10.0,190.0,321.0,1.0,4.0,2.0,7.0,1.0,0.0,0.0,0.0,0.0,0.0,0.0,0.0,0.0,0.0,4.0,0.0,3.0,4.0,0.0,1350.0,12.0,3.0,1.0,0.0,6.0,3.0,10.0,5.0,8.0,6.0,7.0
18.0,50363282.0,60363282.0,10.0,2.0,20.0,0.0,2.0,1.0,1.0,177.0,178.0,10.0,22.0,7.0,7.0,300.0,315.0,0.0,6.0,1.0,3.0,0.0,0.0,0.0,0.0,0.0,0.0,0.0,0.0,0.0,0.0,4.0,2.0,0.0,3.0,0.0,2710.0,37.0,17.0,0.0,0.0,0.0,3.0,9.0,8.0,4.0,9.0,3.0
18.0,60363283.0,70363283.0,7.0,5.0,12.0,0.0,8.0,0.0,0.0,192.0,192.0,7.0,22.0,15.0,15.0,397.0,405.0,1.0,7.0,1.0,4.0,1.0,0.0,0.0,2.0,0.0,0.0,0.0,0.0,0.0,0.0,6.0,1.0,0.0,4.0,0.0,2671.0,8.0,4.0,0.0,0.0,2.0,6.0,6.0,7.0,5.0,7.0,5.0
19.0,10001.0,10010001.0,14.0,13.0,34.0,1.0,22.0,9.0,6.0,1269.0,1270.0,18.0,70.0,51.0,51.0,1314.0,1335.0,0.0,7.0,1.0,17.0,2.0,0.0,0.0,7.0,0.0,0.0,0.0,0.0,0.0,0.0,6.0,1.0,3.0,14.0,0.0,6686.0,51.0,46.0,5.0,62.0,16.0,18.0,9.0,7.0,20.0,6.0,21.0
19.0,48607615.0,58607615.0,51.0,60.0,135.0,1.0,95.0,33.0,1.0,1786.0,1837.0,39.0,283.0,172.0,172.0,2837.0,3921.0,5.0,30.0,31.0,78.0,3.0,0.0,0.0,13.0,0.0,0.0,0.0,0.0,0.0,0.0,21.0,9.0,1.0,77.0,0.0,4389.0,105.0,82.0,6.0,10.0,110.0,66.0,45.0,33.0,78.0,14.0,97.0
19.0,28100001.0,38100001.0,13.0,24.0,51.0,0.0,34.0,42.0,2.0,1731.0,1732.0,29.0,99.0,27.0,27.0,1324.0,1714.0,3.0,13.0,14.0,13.0,1.0,0.0,1.0,3.0,0.0,0.0,0.0,0.0,0.0,0.0,13.0,0.0,0.0,13.0,0.0,20007.0,76.0,53.0,3.0,91.0,24.0,28.0,9.0,17.0,20.0,14.0,23.0
19.0,10010002.0,20010002.0,20.0,17.0,48.0,0.0,28.0,10.0,2.0,1636.0,1639.0,30.0,83.0,32.0,32.0,874.0,973.0,0.0,4.0,5.0,40.0,1.0,0.0,0.0,5.0,0.0,0.0,0.0,0.0,0.0,0.0,3.0,1.0,1.0,39.0,0.0,1639.0,62.0,46.0,0.0,0.0,16.0,22.0,15.0,10.0,27.0,12.0,25.0
19.0,38607614.0,48607614.0,16.0,35.0,65.0,0.0,43.0,21.0,0.0,1693.0,1712.0,34.0,193.0,113.0,113.0,2048.0,2339.0,1.0,23.0,19.0,28.0,1.0,0.0,5.0,4.0,0.0,0.0,0.0,0.0,0.0,0.0,22.0,1.0,5.0,23.0,2.0,6831.0,135.0,26.0,14.0,79.0,62.0,16.0,35.0,15.0,36.0,7.0,44.0
19.0,14199999.0,24199999.0,33.0,72.0,123.0,0.0,55.0,21.0,3.0,1643.0,1654.0,38.0,224.0,32.0,32.0,2845.0,3697.0,1.0,36.0,36.0,74.0,5.0,1.0,12.0,7.0,0.0,0.0,0.0,0.0,0.0,0.0,33.0,3.0,1.0,73.0,12.0,545.0,127.0,38.0,2.0,5.0,66.0,82.0,23.0,52.0,53.0,62.0,43.0
19.0,38100002.0,48100002.0,16.0,35.0,65.0,0.0,43.0,21.0,0.0,1693.0,1712.0,34.0,193.0,113.0,113.0,2048.0,2339.0,1.0,23.0,19.0,28.0,1.0,0.0,5.0,4.0,0.0,0.0,0.0,0.0,0.0,0.0,22.0,1.0,5.0,23.0,2.0,6831.0,135.0,26.0,14.0,79.0,62.0,16.0,35.0,15.0,36.0,7.0,44.0
20.0,10001.0,10010001.0,13.0,5.0,20.0,0.0,13.0,1.0,0.0,399.0,402.0,12.0,32.0,43.0,43.0,325.0,515.0,1.0,13.0,2.0,1.0,0.0,1.0,0.0,1.0,0.0,0.0,0.0,0.0,0.0,0.0,9.0,3.0,1.0,0.0,0.0,1375.0,18.0,5.0,0.0,0.0,4.0,7.0,11.0,10.0,8.0,9.0,9.0
20.0,30400001.0,40400001.0,13.0,11.0,42.0,3.0,16.0,26.0,2.0,1026.0,1036.0,14.0,56.0,10.0,10.0,749.0,804.0,1.0,10.0,1.0,7.0,0.0,0.0,2.0,12.0,0.0,0.0,0.0,0.0,0.0,0.0,10.0,0.0,2.0,5.0,0.0,5432.0,130.0,32.0,0.0,49.0,6.0,14.0,10.0,13.0,11.0,15.0,9.0
20.0,10010002.0,20010002.0,6.0,4.0,10.0,0.0,5.0,0.0,0.0,124.0,125.0,3.0,27.0,11.0,11.0,232.0,663.0,0.0,4.0,3.0,3.0,0.0,0.0,0.0,3.0,0.0,0.0,0.0,0.0,0.0,0.0,2.0,2.0,0.0,3.0,0.0,1368.0,15.0,4.0,0.0,0.0,0.0,6.0,4.0,4.0,6.0,5.0,5.0
20.0,40400002.0,50400002.0,14.0,12.0,32.0,0.0,9.0,1.0,1.0,1124.0,1128.0,19.0,78.0,37.0,37.0,1262.0,1170.0,3.0,8.0,2.0,13.0,0.0,0.0,0.0,2.0,0.0,0.0,0.0,0.0,0.0,0.0,5.0,3.0,6.0,7.0,0.0,1439.0,30.0,15.0,0.0,3.0,14.0,17.0,9.0,6.0,20.0,4.0,22.0
20.0,54434166.0,64434166.0,11.0,5.0,19.0,1.0,11.0,3.0,1.0,501.0,498.0,11.0,42.0,24.0,24.0,241.0,346.0,0.0,9.0,1.0,3.0,0.0,0.0,0.0,2.0,0.0,0.0,0.0,0.0,0.0,0.0,9.0,0.0,2.0,1.0,0.0,1379.0,62.0,3.0,0.0,10.0,6.0,6.0,10.0,7.0,9.0,8.0,8.0
20.0,15699999.0,25699999.0,12.0,6.0,21.0,0.0,8.0,1.0,0.0,167.0,167.0,6.0,52.0,15.0,15.0,597.0,681.0,1.0,10.0,4.0,8.0,0.0,0.0,0.0,3.0,0.0,0.0,0.0,0.0,0.0,0.0,9.0,1.0,0.0,8.0,0.0,1426.0,45.0,1.0,0.0,13.0,14.0,12.0,6.0,8.0,10.0,6.0,12.0
20.0,44434165.0,54434165.0,17.0,17.0,40.0,0.0,10.0,3.0,1.0,1483.0,1489.0,27.0,99.0,52.0,52.0,1441.0,1401.0,4.0,12.0,3.0,25.0,0.0,0.0,0.0,2.0,0.0,0.0,0.0,0.0,0.0,0.0,6.0,5.0,8.0,17.0,0.0,4145.0,39.0,19.0,0.0,3.0,18.0,24.0,10.0,6.0,28.0,4.0,30.0
21.0,36699982.0,46699982.0,21.0,4.0,35.0,1.0,41.0,33.0,3.0,975.0,970.0,18.0,102.0,53.0,53.0,1190.0,1033.0,0.0,7.0,1.0,6.0,1.0,0.0,0.0,9.0,0.0,0.0,0.0,0.0,0.0,0.0,7.0,0.0,1.0,5.0,0.0,4030.0,56.0,10.0,0.0,7.0,20.0,10.0,15.0,3.0,22.0,3.0,22.0
21.0,10001.0,10010001.0,0.0,28.0,49.0,42.0,30.0,78.0,0.0,560.0,588.0,0.0,84.0,28.0,28.0,868.0,1092.0,0.0,10.0,2.0,9.0,0.0,1.0,3.0,3.0,1.0,0.0,0.0,0.0,0.0,0.0,10.0,0.0,0.0,9.0,1.0,33131.0,281.0,65.0,10.0,174.0,18.0,18.0,26.0,3.0,25.0,18.0,10.0
21.0,23000002.0,33000002.0,14.0,14.0,34.0,0.0,15.0,2.0,1.0,205.0,209.0,11.0,65.0,26.0,26.0,710.0,884.0,0.0,11.0,13.0,12.0,0.0,0.0,2.0,1.0,0.0,0.0,0.0,0.0,0.0,0.0,10.0,1.0,1.0,11.0,2.0,12007.0,85.0,20.0,0.0,13.0,0.0,18.0,10.0,15.0,13.0,17.0,11.0
21.0,899999.0,10899999.0,2.0,32.0,62.0,42.0,33.0,82.0,4.0,578.0,624.0,0.0,153.0,34.0,34.0,995.0,1247.0,0.0,10.0,2.0,11.0,0.0,1.0,3.0,9.0,1.0,0.0,0.0,0.0,0.0,0.0,10.0,0.0,0.0,11.0,1.0,38435.0,324.0,83.0,10.0,187.0,20.0,20.0,30.0,5.0,29.0,23.0,11.0
21.0,26699981.0,36699981.0,15.0,15.0,36.0,0.0,21.0,5.0,2.0,370.0,374.0,13.0,73.0,36.0,36.0,972.0,963.0,0.0,11.0,11.0,9.0,0.0,0.0,2.0,3.0,0.0,0.0,0.0,0.0,0.0,0.0,10.0,1.0,1.0,8.0,2.0,13297.0,79.0,22.0,0.0,13.0,0.0,19.0,11.0,16.0,14.0,19.0,11.0
21.0,13000001.0,23000001.0,9.0,8.0,29.0,0.0,9.0,16.0,0.0,166.0,174.0,1.0,45.0,20.0,20.0,711.0,652.0,0.0,8.0,3.0,4.0,2.0,0.0,1.0,4.0,0.0,0.0,0.0,0.0,0.0,0.0,8.0,0.0,1.0,3.0,0.0,9323.0,143.0,9.0,2.0,61.0,2.0,8.0,9.0,10.0,7.0,13.0,4.0
22.0,3699999.0,13699999.0,1.0,18.0,47.0,25.0,2.0,22.0,2.0,380.0,399.0,0.0,57.0,19.0,19.0,589.0,741.0,0.0,6.0,2.0,6.0,0.0,0.0,7.0,0.0,1.0,0.0,0.0,0.0,0.0,0.0,6.0,0.0,0.0,6.0,2.0,25175.0,240.0,64.0,5.0,256.0,14.0,11.0,16.0,2.0,17.0,13.0,6.0
22.0,10001.0,10010001.0,0.0,0.0,0.0,0.0,0.0,0.0,0.0,0.0,0.0,0.0,0.0,0.0,0.0,0.0,0.0,0.0,0.0,0.0,0.0,0.0,0.0,0.0,0.0,0.0,0.0,0.0,0.0,0.0,0.0,0.0,0.0,0.0,0.0,0.0,0.0,0.0,0.0,0.0,0.0,0.0,0.0,0.0,0.0,0.0,0.0,0.0
22.0,17400001.0,27400001.0,23.0,86.0,166.0,6.0,107.0,69.0,4.0,4182.0,4190.0,77.0,457.0,143.0,143.0,3654.0,3553.0,6.0,33.0,18.0,70.0,1.0,0.0,0.0,15.0,0.0,0.0,0.0,0.0,0.0,0.0,29.0,2.0,5.0,65.0,0.0,44023.0,395.0,77.0,10.0,255.0,80.0,38.0,71.0,26.0,83.0,25.0,84.0
22.0,27400002.0,37400002.0,13.0,19.0,39.0,0.0,25.0,3.0,1.0,777.0,780.0,24.0,62.0,15.0,15.0,1031.0,875.0,3.0,7.0,2.0,27.0,0.0,0.0,0.0,3.0,0.0,0.0,0.0,0.0,0.0,0.0,6.0,1.0,4.0,23.0,0.0,5376.0,48.0,7.0,2.0,2.0,4.0,14.0,18.0,7.0,25.0,11.0,21.0
22.0,40808467.0,50808467.0,24.0,17.0,51.0,1.0,34.0,12.0,1.0,1830.0,1833.0,24.0,96.0,33.0,33.0,1109.0,1419.0,0.0,14.0,7.0,17.0,1.0,0.0,0.0,4.0,0.0,0.0,0.0,0.0,0.0,0.0,11.0,3.0,1.0,16.0,0.0,6811.0,103.0,19.0,0.0,8.0,24.0,19.0,22.0,11.0,30.0,6.0,35.0
22.0,30808466.0,40808466.0,9.0,19.0,36.0,0.0,26.0,4.0,2.0,1172.0,1171.0,23.0,70.0,22.0,22.0,877.0,867.0,1.0,6.0,4.0,17.0,0.0,0.0,0.0,3.0,0.0,0.0,0.0,0.0,0.0,0.0,5.0,1.0,3.0,14.0,0.0,4038.0,29.0,15.0,3.0,4.0,8.0,12.0,16.0,5.0,23.0,9.0,19.0
